wgs_id	tetracycline	tet_log2
SRR1661153	2	1
SRR1661154	2	1
SRR1661155	4	2
SRR1661156	2	1
SRR1661157	128	7
SRR1661158	4	2
SRR1661159	0.5	-1
SRR1661161	4	2
SRR1661162	0.125	-3
SRR1661163	4	2
SRR1661164	4	2
SRR1661165	2	1
SRR1661166	4	2
SRR1661167	4	2
SRR1661171	0.25	-2
SRR1661172	1	0
SRR1661173	4	2
SRR1661174	1	0
SRR1661179	128	7
SRR1661180	0.25	-2
SRR1661181	2	1
SRR1661182	2	1
SRR1661183	4	2
SRR1661184	2	1
SRR1661185	4	2
SRR1661187	4	2
SRR1661190	2	1
SRR1661191	4	2
SRR1661192	4	2
SRR1661193	1	0
SRR1661194	2	1
SRR1661199	2	1
SRR1661200	4	2
SRR1661201	4	2
SRR1661202	4	2
SRR1661203	2	1
SRR1661206	4	2
SRR1661210	4	2
SRR1661211	1	0
SRR1661214	4	2
SRR1661215	2	1
SRR1661218	1	0
SRR1661224	1	0
SRR1661225	1	0
SRR1661226	2	1
SRR1661228	2	1
SRR1661230	2	1
SRR1661231	4	2
SRR1661234	0.25	-2
SRR1661235	0.5	-1
SRR1661236	0.25	-2
SRR1661237	0.25	-2
SRR1661238	0.25	-2
SRR1661239	0.25	-2
SRR1661240	0.25	-2
SRR1661241	0.25	-2
SRR1661243	4	2
SRR1661248	8	3
SRR1661250	2	1
SRR1661254	1	0
SRR1661256	0.25	-2
SRR1661258	4	2
SRR1661259	4	2
SRR1661260	0.25	-2
SRR1661261	1	0
SRR1661262	4	2
SRR1661263	0.25	-2
SRR1661264	0.5	-1
SRR1661265	2	1
SRR1661266	0.5	-1
SRR1661267	0.5	-1
SRR1661268	4	2
SRR1661269	2	1
SRR1661270	8	3
SRR1661271	4	2
SRR1661272	2	1
SRR1661274	1	0
SRR1661275	0.5	-1
SRR1661280	1	0
SRR1661281	1	0
SRR1661282	1	0
SRR1661283	1	0
SRR1661285	0.25	-2
SRR1661286	0.25	-2
SRR1661287	0.25	-2
SRR1661288	0.25	-2
SRR1661289	0.25	-2
SRR1661291	1	0
SRR1661293	4	2
SRR1661295	1	0
SRR1661298	4	2
SRR1661307	4	2
SRR1661308	4	2
SRR1661309	2	1
SRR1661310	2	1
SRR1661312	4	2
SRR1661313	1	0
SRR1661314	2	1
SRR1661315	4	2
SRR1661316	1	0
SRR1661317	0.5	-1
SRR1661318	0.25	-2
SRR1661319	1	0
SRR1661320	1	0
SRR1661321	1	0
SRR1661322	8	3
SRR3357011	8	3
SRR3357028	8	3
SRR3357077	2	1
SRR3357157	8	3
SRR3357160	2	1
SRR3357181	8	3
SRR3357186	4	2
SRR3357191	8	3
SRR3357192	8	3
SRR3357194	4	2
SRR3357229	2	1
SRR3357246	1	0
SRR3357252	8	3
SRR3357260	1	0
SRR3357263	8	3
SRR3357264	4	2
SRR3357288	4	2
SRR3357289	16	4
SRR3357305	2	1
SRR3357314	8	3
SRR3360605	8	3
SRR3360606	64	6
SRR3360607	2	1
SRR3360608	0.5	-1
SRR3360609	4	2
SRR3360610	4	2
SRR3360612	8	3
SRR3360613	4	2
SRR3360614	8	3
SRR3360615	64	6
SRR3360616	8	3
SRR3360617	4	2
SRR3360618	4	2
SRR3360619	8	3
SRR3360622	4	2
SRR3360624	64	6
SRR3360625	64	6
SRR3360627	4	2
SRR3360628	8	3
SRR3360629	4	2
SRR3360630	0.25	-2
SRR3360632	4	2
SRR3360633	8	3
SRR3360634	4	2
SRR3360635	2	1
SRR3360636	0.25	-2
SRR3360637	4	2
SRR3360638	4	2
SRR3360639	4	2
SRR3360640	8	3
SRR3360641	8	3
SRR3360642	4	2
SRR3360644	64	6
SRR3360645	8	3
SRR3360646	1	0
SRR3360647	32	5
SRR3360648	4	2
SRR3360649	4	2
SRR3360650	4	2
SRR3360651	32	5
SRR3360652	64	6
SRR3360653	2	1
SRR3360654	0.25	-2
SRR3360658	8	3
SRR3360659	8	3
SRR3360661	4	2
SRR3360662	2	1
SRR3360663	0.25	-2
SRR3360664	8	3
SRR3360665	1	0
SRR3360667	8	3
SRR3360669	1	0
SRR3360670	4	2
SRR3360671	8	3
SRR3360672	64	6
SRR3360674	2	1
SRR3360675	8	3
SRR3360677	2	1
SRR3360678	64	6
SRR3360679	2	1
SRR3360680	8	3
SRR3360681	2	1
SRR3360683	0.25	-2
SRR3360684	4	2
SRR3360685	2	1
SRR3360686	8	3
SRR3360687	1	0
SRR3360688	2	1
SRR3360689	4	2
SRR3360690	2	1
SRR3360691	64	6
SRR3360692	2	1
SRR3360693	8	3
SRR3360694	4	2
SRR3360696	2	1
SRR3360697	64	6
SRR3360698	8	3
SRR3360700	2	1
SRR3360701	4	2
SRR3360702	8	3
SRR3360703	4	2
SRR3360704	2	1
SRR3360705	0.25	-2
SRR3360706	4	2
SRR3360707	8	3
SRR3360708	4	2
SRR3360709	8	3
SRR3360710	4	2
SRR3360711	8	3
SRR3360712	8	3
SRR3360713	32	5
SRR3360714	8	3
SRR3360715	0.25	-2
SRR3360716	2	1
SRR3360717	2	1
SRR3360718	8	3
SRR3360719	8	3
SRR3360720	8	3
SRR3360721	4	2
SRR3360722	0.25	-2
SRR3360723	8	3
SRR3360725	2	1
SRR3360726	4	2
SRR3360727	4	2
SRR3360728	8	3
SRR3360729	0.5	-1
SRR3360730	4	2
SRR3360731	8	3
SRR3360733	8	3
SRR3360734	2	1
SRR3360735	0.25	-2
SRR3360736	64	6
SRR3360737	0.5	-1
SRR3360738	4	2
SRR3360740	0.5	-1
SRR3360743	8	3
SRR3360745	4	2
SRR3360746	4	2
SRR3360747	4	2
SRR3360748	4	2
SRR3360749	4	2
SRR3360750	64	6
SRR3360751	4	2
SRR3360752	8	3
SRR3360753	8	3
SRR3360754	4	2
SRR3360755	8	3
SRR3360766	0.25	-2
SRR3360771	2	1
SRR3360772	4	2
SRR3360774	4	2
SRR3360810	4	2
SRR3360811	0.25	-2
SRR3360813	8	3
SRR3360827	0.25	-2
SRR3360829	2	1
SRR3360832	2	1
SRR3360836	64	6
SRR3360846	4	2
SRR3360851	2	1
SRR3360854	0.5	-1
SRR3360867	64	6
SRR3360872	64	6
SRR3360876	64	6
SRR3360883	2	1
SRR3360889	4	2
SRR3360890	0.5	-1
SRR3360893	8	3
SRR3360913	2	1
SRR3360917	4	2
SRR3360921	4	2
SRR3360924	1	0
SRR3360926	4	2
SRR3360930	4	2
SRR3360936	64	6
SRR3360939	0.5	-1
SRR3360943	0.5	-1
SRR3360944	2	1
SRR3360947	0.25	-2
SRR3360949	8	3
SRR3360950	2	1
SRR3360953	2	1
SRR3360964	2	1
SRR3360967	64	6
SRR3360970	2	1
SRR3360980	8	3
SRR3360981	2	1
SRR3360982	64	6
SRR3360983	4	2
SRR3360984	2	1
SRR3360991	64	6
SRR3360993	2	1
SRR3361307	4	2
SRR3361308	0.25	-2
SRR3361310	8	3
SRR3361311	8	3
SRR3361312	8	3
SRR3361313	0.25	-2
SRR3361314	8	3
SRR3361315	16	4
SRR3361317	8	3
SRR3361318	0.25	-2
SRR3361320	0.25	-2
SRR3361321	4	2
SRR3361322	4	2
SRR3361324	2	1
SRR3361325	8	3
SRR3361326	8	3
SRR3361328	16	4
SRR3361329	4	2
SRR3361332	2	1
SRR3361333	2	1
SRR3361336	4	2
SRR3361337	8	3
SRR3361338	2	1
SRR3361340	4	2
SRR3361341	32	5
SRR3361342	8	3
SRR3361343	0.25	-2
SRR3361344	8	3
SRR3361345	0.5	-1
SRR3361346	8	3
SRR3361347	8	3
SRR3361349	4	2
SRR3361350	0.25	-2
SRR3361351	4	2
SRR3361352	4	2
SRR3361353	2	1
SRR3361354	8	3
SRR3361355	4	2
SRR3361356	4	2
SRR955973	2	1
SRR959017	4	2
SRR960561	256	8
SRR969045	4	2
SRR969336	8	3
SRR969337	8	3
SRR969338	8	3
SRR969340	2	1
SRR969341	2	1
SRR969342	4	2
SRR969343	2	1
SRR969344	8	3
SRR969345	4	2
SRR969346	16	4
SRR969348	4	2
SRR969350	2	1
SRR969352	4	2
SRR969353	4	2
SRR969354	0.5	-1
SRR969355	16	4
SRR969356	4	2
SRR969360	0.25	-2
SRR969361	0.25	-2
SRR969362	0.25	-2
SRR969363	16	4
SRR969364	1	0
SRR969365	1	0
SRR969366	16	4
SRR969367	2	1
SRR969368	2	1
SRR969369	16	4
SRR969370	16	4
SRR969371	16	4
SRR969373	2	1
SRR969374	2	1
SRR969375	2	1
SRR969376	4	2
SRR969377	0.25	-2
SRR969378	2	1
SRR969379	4	2
SRR969380	1	0
SRR969381	16	4
SRR969382	0.5	-1
SRR969384	3	1.584962500721156
SRR969385	3	1.584962500721156
SRR969386	2	1
SRR969387	2	1
SRR969388	1.5	0.5849625007211562
SRR969389	1.5	0.5849625007211562
SRR969391	2	1
SRR969392	0.125	-3
SRR969393	0.5	-1
SRR969394	0.5	-1
SRR969395	2	1
GCGS0277	4	2
GCGS0839	1	0
GCGS0605	4	2
GCGS0287	4	2
GCGS0613	1	0
GCGS0766	32	5
GCGS0624	32	5
GCGS0625	1	0
GCGS0440	1	0
GCGS0782	1	0
GCGS0647	2	1
GCGS0462	2	1
GCGS0855	4	2
GCGS0673	1	0
GCGS0294	0.25	-2
GCGS0796	4	2
GCGS0682	4	2
GCGS0797	2	1
GCGS0683	2	1
GCGS0684	4	2
GCGS0798	4	2
GCGS0498	2	1
GCGS0588	1	0
GCGS0410	1	0
GCGS0626	2	1
GCGS0627	4	2
GCGS0628	2	1
GCGS0629	2	1
GCGS0773	2	1
GCGS0774	4	2
GCGS0648	4	2
GCGS0799	4	2
GCGS0504	4	2
GCGS0710	4	2
GCGS0711	2	1
GCGS0310	1	0
GCGS0538	0.25	-2
GCGS0540	2	1
GCGS0541	2	1
GCGS0547	2	1
GCGS0728	32	5
GCGS0261	32	5
GCGS0318	32	5
GCGS0359	0.5	-1
GCGS0840	2	1
GCGS0400	32	5
GCGS0843	0.25	-2
GCGS0630	4	2
GCGS0631	4	2
GCGS0650	1	0
GCGS0783	2	1
GCGS0443	0.5	-1
GCGS0651	4	2
GCGS0784	2	1
GCGS0664	2	1
GCGS0480	2	1
GCGS0491	2	1
GCGS0686	4	2
GCGS0688	2	1
GCGS0689	2	1
GCGS0499	1	0
GCGS0506	1	0
GCGS0507	1	0
GCGS0508	1	0
GCGS0509	32	5
GCGS0303	0.25	-2
GCGS0718	4	2
GCGS0525	1	0
GCGS0870	0.25	-2
GCGS0322	2	1
GCGS0569	4	2
GCGS0351	0.5	-1
GCGS0273	2	1
GCGS0374	1	0
GCGS0275	0.5	-1
GCGS0249	1	0
GCGS0276	0.5	-1
GCGS0595	1	0
GCGS0621	0.5	-1
GCGS0293	0.5	-1
GCGS0795	1	0
GCGS0703	1	0
GCGS0500	1	0
GCGS0502	4	2
GCGS0503	1	0
GCGS0304	1	0
GCGS0255	1	0
GCGS0526	0.5	-1
GCGS0305	0.5	-1
GCGS0865	8	3
GCGS0314	0.5	-1
GCGS0315	0.25	-2
GCGS0316	0.5	-1
GCGS0554	0.25	-2
GCGS0584	1	0
GCGS0746	2	1
GCGS0373	0.25	-2
GCGS0425	0.25	-2
GCGS0427	1	0
GCGS0616	2	1
GCGS0432	0.25	-2
GCGS0620	16	4
GCGS0433	1	0
GCGS0781	0.25	-2
GCGS0459	0.5	-1
GCGS0788	1	0
GCGS0789	1	0
GCGS0522	2	1
GCGS0461	0.5	-1
GCGS0475	2	1
GCGS0669	1	0
GCGS0680	0.5	-1
GCGS0919	4	2
GCGS0827	0.5	-1
GCGS0582	0.5	-1
GCGS0583	0.5	-1
GCGS0747	2	1
GCGS0748	4	2
GCGS0749	4	2
GCGS0524	2	1
GCGS0819	1	0
GCGS0256	0.5	-1
GCGS0324	1	0
GCGS0265	0.25	-2
GCGS1104	2	1
GCGS0248	0.125	-3
GCGS1097	1	0
GCGS0362	2	1
GCGS1098	1	0
GCGS1096	0.5	-1
GCGS0278	0.5	-1
GCGS0279	2	1
GCGS0281	2	1
GCGS0599	16	4
GCGS0389	2	1
GCGS0390	1	0
GCGS0606	2	1
GCGS1099	2	1
GCGS1100	0.5	-1
GCGS1102	2	1
GCGS1101	2	1
GCGS0761	1	0
GCGS0775	4	2
GCGS0442	1	0
GCGS0536	1	0
GCGS0309	4	2
GCGS0546	1	0
GCGS0734	4	2
GCGS0735	4	2
GCGS0270	2	1
GCGS0364	1	0
GCGS0365	1	0
GCGS0366	2	1
GCGS0407	1	0
GCGS0286	2	1
GCGS0251	2	1
GCGS0702	4	2
GCGS0501	1	0
GCGS0709	2	1
GCGS0812	2	1
GCGS0306	2	1
GCGS0726	2	1
GCGS0317	4	2
GCGS0829	2	1
GCGS0736	4	2
GCGS0830	4	2
GCGS0831	4	2
GCGS0565	4	2
GCGS0245	1	0
GCGS0845	2	1
GCGS0439	0.25	-2
GCGS1103	2	1
GCGS0537	4	2
GCGS0727	1	0
GCGS0737	4	2
GCGS0566	4	2
GCGS0358	1	0
GCGS0385	1	0
GCGS0411	2	1
GCGS0412	2	1
GCGS0413	2	1
GCGS0414	2	1
GCGS0760	1	0
GCGS0415	1	0
GCGS0252	0.25	-2
GCGS0288	1	0
GCGS0253	0.5	-1
GCGS0434	1	0
GCGS0444	4	2
GCGS0652	4	2
GCGS0490	0.5	-1
GCGS0685	1	0
GCGS0492	1	0
GCGS0687	1	0
GCGS0723	4	2
GCGS0356	1	0
GCGS0357	0.125	-3
GCGS0741	0.5	-1
GCGS0576	2	1
GCGS0367	2	1
GCGS0291	0.5	-1
GCGS0622	0.5	-1
GCGS0813	1	0
GCGS0307	0.5	-1
GCGS0719	2	1
GCGS0724	4	2
GCGS0824	4	2
GCGS0866	4	2
GCGS0867	4	2
GCGS0258	0.5	-1
GCGS0577	1	0
GCGS0578	1	0
GCGS0579	1	0
GCGS0580	2	1
GCGS0581	1	0
GCGS0612	4	2
GCGS0408	2	1
GCGS0409	2	1
GCGS0623	0.25	-2
GCGS0771	1	0
GCGS0846	8	3
GCGS0441	0.5	-1
GCGS0646	4	2
GCGS0662	0.25	-2
GCGS0663	1	0
GCGS0295	2	1
GCGS0704	1	0
GCGS0302	1	0
GCGS0521	1	0
GCGS0527	2	1
GCGS0528	1	0
GCGS0720	2	1
GCGS0529	1	0
GCGS0721	1	0
GCGS0259	1	0
GCGS0260	1	0
GCGS0268	1	0
GCGS0573	4	2
GCGS0274	0.25	-2
GCGS0386	1	0
GCGS0772	0.5	-1
GCGS0649	1	0
GCGS0705	1	0
GCGS0505	1	0
GCGS0301	0.5	-1
GCGS0519	1	0
GCGS0520	0.25	-2
GCGS0530	4	2
GCGS0531	1	0
GCGS0532	2	1
GCGS0533	2	1
GCGS0308	2	1
GCGS0534	2	1
GCGS0535	1	0
GCGS0539	2	1
GCGS0825	4	2
GCGS0826	4	2
GCGS0323	1	0
GCGS0325	32	5
GCGS0555	4	2
GCGS0729	32	5
GCGS1094	1	0
GCGS0264	1	0
GCGS0266	0.25	-2
GCGS0340	0.5	-1
GCGS0341	1	0
GCGS0269	1	0
GCGS0342	1	0
GCGS0343	1	0
GCGS0738	2	1
GCGS0570	2	1
GCGS0589	2	1
GCGS0280	1	0
GCGS0387	1	0
GCGS0597	4	2
GCGS0598	2	1
GCGS0388	4	2
GCGS0282	1	0
GCGS0600	0.5	-1
GCGS0283	0.5	-1
GCGS0607	2	1
GCGS0001	4	2
GCGS0002	4	2
GCGS0003	4	2
GCGS0004	4	2
GCGS0005	4	2
GCGS0006	1	0
GCGS0007	2	1
GCGS0008	16	4
GCGS0009	2	1
GCGS0010	0.5	-1
GCGS0012	0.5	-1
GCGS0014	1	0
GCGS0017	4	2
GCGS0018	1	0
GCGS0019	4	2
GCGS0020	0.5	-1
GCGS0021	2	1
GCGS0022	4	2
GCGS0023	2	1
GCGS0024	16	4
GCGS0026	4	2
GCGS0027	4	2
GCGS0028	2	1
GCGS0030	2	1
GCGS0031	4	2
GCGS0032	2	1
GCGS0033	4	2
GCGS0034	2	1
GCGS0035	4	2
GCGS0036	1	0
GCGS0037	4	2
GCGS0038	1	0
GCGS0039	4	2
GCGS0040	16	4
GCGS0041	4	2
GCGS0042	4	2
GCGS0043	2	1
GCGS0044	4	2
GCGS0045	2	1
GCGS0046	4	2
GCGS0047	4	2
GCGS0049	4	2
GCGS0050	0.25	-2
GCGS0051	2	1
GCGS0052	2	1
GCGS0053	4	2
GCGS0054	4	2
GCGS0055	2	1
GCGS0056	2	1
GCGS0057	2	1
GCGS0058	2	1
GCGS0059	4	2
GCGS0060	2	1
GCGS0062	1	0
GCGS0063	4	2
GCGS0064	32	5
GCGS0065	4	2
GCGS0066	4	2
GCGS0067	2	1
GCGS0068	2	1
GCGS0069	4	2
GCGS0070	1	0
GCGS0071	1	0
GCGS0072	0.25	-2
GCGS0073	0.5	-1
GCGS0074	0.5	-1
GCGS0075	2	1
GCGS0076	2	1
GCGS0077	2	1
GCGS0078	0.25	-2
GCGS0079	1	0
GCGS0080	4	2
GCGS0081	1	0
GCGS0082	2	1
GCGS0083	2	1
GCGS0084	4	2
GCGS0085	2	1
GCGS0087	4	2
GCGS0088	0.5	-1
GCGS0089	16	4
GCGS0090	32	5
GCGS0091	4	2
GCGS0092	1	0
GCGS0093	4	2
GCGS0094	2	1
GCGS0095	4	2
GCGS0096	1	0
GCGS0193	1	0
GCGS0194	1	0
GCGS0195	2	1
GCGS0196	4	2
GCGS0197	1	0
GCGS0198	1	0
GCGS0199	1	0
GCGS0200	0.25	-2
GCGS0201	1	0
GCGS0202	0.5	-1
GCGS0203	1	0
GCGS0204	1	0
GCGS0205	2	1
GCGS0206	0.5	-1
GCGS0207	1	0
GCGS0208	2	1
GCGS0209	0.5	-1
GCGS0210	16	4
GCGS0211	0.5	-1
GCGS0212	32	5
GCGS0213	0.5	-1
GCGS0214	0.5	-1
GCGS0215	0.5	-1
GCGS0216	16	4
GCGS0217	1	0
GCGS0218	1	0
GCGS0219	1	0
GCGS0220	0.25	-2
GCGS0221	0.5	-1
GCGS0223	1	0
GCGS0224	1	0
GCGS0225	1	0
GCGS0226	0.5	-1
GCGS0227	4	2
GCGS0228	4	2
GCGS0229	2	1
GCGS0230	0.5	-1
GCGS0231	1	0
GCGS0232	2	1
GCGS0233	4	2
GCGS0234	2	1
GCGS0235	4	2
GCGS0236	2	1
GCGS0237	4	2
GCGS0238	4	2
GCGS0240	4	2
GCGS0241	4	2
GCGS0242	0.5	-1
GCGS0097	4	2
GCGS0098	1	0
GCGS0099	4	2
GCGS0100	1	0
GCGS0101	2	1
GCGS0102	2	1
GCGS0103	4	2
GCGS0104	4	2
GCGS0105	2	1
GCGS0106	1	0
GCGS0107	4	2
GCGS0108	4	2
GCGS0109	4	2
GCGS0110	1	0
GCGS0111	4	2
GCGS0113	4	2
GCGS0114	0.5	-1
GCGS0115	4	2
GCGS0116	0.5	-1
GCGS0117	2	1
GCGS0118	1	0
GCGS0119	2	1
GCGS0120	0.5	-1
GCGS0121	2	1
GCGS0122	2	1
GCGS0123	2	1
GCGS0124	0.25	-2
GCGS0125	2	1
GCGS0126	0.5	-1
GCGS0127	0.5	-1
GCGS0128	0.5	-1
GCGS0129	4	2
GCGS0130	2	1
GCGS0131	4	2
GCGS0132	2	1
GCGS0134	2	1
GCGS0135	4	2
GCGS0136	1	0
GCGS0137	2	1
GCGS0138	1	0
GCGS0139	4	2
GCGS0141	4	2
GCGS0142	1	0
GCGS0143	2	1
GCGS0144	1	0
GCGS0145	4	2
GCGS0146	16	4
GCGS0147	4	2
GCGS0149	1	0
GCGS0150	32	5
GCGS0151	2	1
GCGS0152	2	1
GCGS0153	0.5	-1
GCGS0155	4	2
GCGS0156	1	0
GCGS0157	4	2
GCGS0158	2	1
GCGS0160	2	1
GCGS0161	0.5	-1
GCGS0162	0.5	-1
GCGS0163	4	2
GCGS0164	2	1
GCGS0165	4	2
GCGS0166	2	1
GCGS0167	1	0
GCGS0168	4	2
GCGS0169	1	0
GCGS0170	4	2
GCGS0171	1	0
GCGS0172	1	0
GCGS0173	1	0
GCGS0174	1	0
GCGS0175	1	0
GCGS0176	1	0
GCGS0177	1	0
GCGS0178	2	1
GCGS0179	2	1
GCGS0180	16	4
GCGS0181	2	1
GCGS0183	2	1
GCGS0184	0.25	-2
GCGS0185	2	1
GCGS0186	64	6
GCGS0187	2	1
GCGS0188	16	4
GCGS0189	2	1
GCGS0190	4	2
GCGS0191	1	0
GCGS0192	1	0
GCGS0013	1	0
GCGS0015	0.5	-1
GCGS0016	0.5	-1
GCGS0112	2	1
GCGS0962	4	2
GCGS0981	4	2
GCGS0883	4	2
GCGS0903	4	2
GCGS0399	2	1
GCGS0567	2	1
GCGS0392	1	0
GCGS0284	0.5	-1
GCGS0417	1	0
GCGS0289	1	0
GCGS0285	2	1
GCGS1026	4	2
GCGS1039	4	2
GCGS0763	1	0
GCGS0907	4	2
GCGS0920	4	2
GCGS0944	2	1
GCGS0861	4	2
GCGS1015	4	2
GCGS0930	4	2
GCGS1042	4	2
GCGS1029	0.5	-1
GCGS1036	2	1
GCGS1035	4	2
GCGS1024	4	2
GCGS1061	0.5	-1
GCGS1057	2	1
GCGS1078	4	2
GCGS0558	4	2
GCGS0877	4	2
GCGS0906	4	2
GCGS0927	4	2
GCGS0881	4	2
GCGS0887	8	3
GCGS1006	4	2
GCGS0922	4	2
GCGS0943	4	2
GCGS1095	1	0
GCGS0879	2	1
GCGS0880	4	2
GCGS0961	4	2
GCGS0244	0.25	-2
GCGS0985	2	1
GCGS0984	1	0
GCGS0960	2	1
GCGS0894	4	2
GCGS0875	4	2
GCGS0932	4	2
GCGS0905	4	2
GCGS0929	8	3
GCGS0863	4	2
GCGS0912	4	2
GCGS0997	4	2
GCGS0864	4	2
GCGS0876	4	2
GCGS0915	2	1
GCGS0872	4	2
GCGS0446	2	1
GCGS0979	4	2
GCGS0938	2	1
GCGS0959	2	1
GCGS0982	4	2
GCGS0986	4	2
GCGS0914	4	2
GCGS0983	2	1
GCGS0990	1	0
GCGS0998	4	2
GCGS1007	4	2
GCGS0878	4	2
GCGS0862	8	3
GCGS0996	4	2
GCGS0917	4	2
GCGS0989	4	2
GCGS1011	4	2
GCGS0940	2	1
GCGS0935	2	1
GCGS0916	4	2
GCGS0934	0.5	-1
GCGS0868	2	1
GCGS0882	2	1
GCGS0313	0.25	-2
GCGS0545	0.5	-1
GCGS0551	1	0
GCGS0552	1	0
GCGS0335	1	0
GCGS0560	1	0
GCGS0732	1	0
GCGS0347	16	4
GCGS0571	16	4
GCGS0348	0.25	-2
GCGS0349	16	4
GCGS0572	16	4
GCGS0350	0.25	-2
GCGS0740	0.5	-1
GCGS0376	16	4
GCGS0377	1	0
GCGS0378	1	0
GCGS0379	0.5	-1
GCGS0395	1	0
GCGS0396	16	4
GCGS0397	0.5	-1
GCGS0398	16	4
GCGS0758	2	1
GCGS0542	2	1
GCGS0381	2	1
GCGS0633	2	1
GCGS0756	2	1
GCGS0393	16	4
GCGS0292	16	4
GCGS1058	1	0
GCGS1065	2	1
GCGS1076	1	0
GCGS1091	4	2
GCGS1092	1	0
GCGS1073	2	1
GCGS0543	0.5	-1
GCGS0548	1	0
GCGS0549	0.5	-1
GCGS0319	0.5	-1
GCGS0320	1	0
GCGS0321	32	5
GCGS0331	16	4
GCGS0333	0.5	-1
GCGS0334	16	4
GCGS0731	1	0
GCGS0346	16	4
GCGS0739	32	5
GCGS0353	0.5	-1
GCGS0369	16	4
GCGS0383	32	5
GCGS0384	2	1
GCGS0593	0.5	-1
GCGS0754	4	2
GCGS0755	1	0
GCGS0594	0.5	-1
GCGS0757	1	0
GCGS0428	32	5
GCGS0639	0.5	-1
GCGS0640	1	0
GCGS0450	0.25	-2
GCGS0656	2	1
GCGS0451	2	1
GCGS0312	1	0
GCGS0730	16	4
GCGS0559	4	2
GCGS0370	1	0
GCGS0375	0.25	-2
GCGS0592	2	1
GCGS0603	16	4
GCGS0764	16	4
GCGS0767	2	1
GCGS0768	1	0
GCGS0779	4	2
GCGS0437	1	0
GCGS0449	0.25	-2
GCGS0452	0.25	-2
GCGS0465	0.25	-2
GCGS0466	1	0
GCGS0667	16	4
GCGS0469	16	4
GCGS0675	2	1
GCGS0483	0.5	-1
GCGS0794	4	2
GCGS0494	32	5
GCGS0806	4	2
GCGS0808	1	0
GCGS0809	2	1
GCGS0700	4	2
GCGS0615	2	1
GCGS0423	0.25	-2
GCGS0429	8	3
GCGS0769	0.25	-2
GCGS0430	16	4
GCGS0431	0.25	-2
GCGS0453	0.25	-2
GCGS0454	0.25	-2
GCGS0658	2	1
GCGS0787	0.5	-1
GCGS0456	0.5	-1
GCGS0457	0.25	-2
GCGS0471	0.25	-2
GCGS0668	4	2
GCGS0472	16	4
GCGS0479	0.5	-1
GCGS0488	0.25	-2
GCGS0489	0.25	-2
GCGS0678	16	4
GCGS0495	32	5
GCGS0496	1	0
GCGS0553	0.5	-1
GCGS0336	0.5	-1
GCGS0337	1	0
GCGS0643	1	0
GCGS0679	0.25	-2
GCGS0811	4	2
GCGS0311	1	0
GCGS0257	0.5	-1
GCGS0267	0.5	-1
GCGS0327	2	1
GCGS0328	32	5
GCGS0329	1	0
GCGS0556	0.5	-1
GCGS0271	1	0
GCGS0272	1	0
GCGS0751	2	1
GCGS0380	0.5	-1
GCGS0391	1	0
GCGS0416	1	0
GCGS0653	2	1
GCGS0296	2	1
GCGS0297	2	1
GCGS0298	2	1
GCGS0691	1	0
GCGS0299	1	0
GCGS0254	1	0
GCGS0713	2	1
GCGS0352	4	2
GCGS0586	1	0
GCGS0591	4	2
GCGS0290	1	0
GCGS0435	1	0
GCGS0382	1	0
GCGS0447	1	0
GCGS0246	0.25	-2
GCGS0300	1	0
GCGS1018	4	2
GCGS1022	1	0
GCGS1025	1	0
GCGS1030	1	0
GCGS1031	1	0
GCGS1032	1	0
GCGS1033	1	0
GCGS0140	4	2
GCGS1043	1	0
GCGS1044	2	1
GCGS1045	4	2
GCGS1047	4	2
GCGS0836	2	1
GCGS1049	4	2
GCGS1051	2	1
GCGS1052	4	2
GCGS1054	4	2
GCGS1055	2	1
GCGS1056	4	2
GCGS0841	4	2
GCGS1082	0.5	-1
GCGS1083	0.5	-1
GCGS1087	4	2
GCGS1040	2	1
GCGS1077	4	2
GCGS1081	1	0
GCGS0330	16	4
GCGS0844	2	1
GCGS0665	4	2
GCGS0609	2	1
GCGS0610	0.5	-1
GCGS0401	0.5	-1
GCGS0481	1	0
GCGS0332	1	0
GCGS0363	16	4
GCGS0394	0.25	-2
GCGS0842	8	3
GCGS0467	1	0
GCGS0852	8	3
GCGS0468	1	0
GCGS0470	1	0
GCGS0482	0.5	-1
GCGS0856	2	1
GCGS0484	0.5	-1
GCGS0696	2	1
GCGS0698	1	0
GCGS0708	2	1
GCGS0516	1	0
GCGS0823	2	1
GCGS0262	16	4
GCGS0828	2	1
GCGS0326	2	1
GCGS0568	4	2
GCGS0585	4	2
GCGS0250	0.25	-2
GCGS0590	4	2
GCGS0752	4	2
GCGS0601	1	0
GCGS0608	2	1
GCGS0418	32	5
GCGS0419	2	1
GCGS0420	1	0
GCGS0421	4	2
GCGS0617	4	2
GCGS0632	1	0
GCGS0776	4	2
GCGS0785	1	0
GCGS0786	4	2
GCGS0445	0.25	-2
GCGS0463	1	0
GCGS0493	4	2
GCGS0800	4	2
GCGS0801	2	1
GCGS0802	4	2
GCGS0803	2	1
GCGS0690	2	1
GCGS0712	2	1
GCGS0510	2	1
GCGS0368	1	0
GCGS0753	2	1
GCGS0596	2	1
GCGS0243	1	0
GCGS0618	32	5
GCGS0634	4	2
GCGS0778	4	2
GCGS0636	1	0
GCGS0464	2	1
GCGS0674	4	2
GCGS0511	2	1
GCGS1020	4	2
GCGS1021	2	1
GCGS1023	1	0
GCGS1028	0.125	-3
GCGS1037	4	2
GCGS1041	4	2
GCGS1046	4	2
GCGS1050	4	2
GCGS1053	0.25	-2
GCGS1059	2	1
GCGS1060	1	0
GCGS1066	1	0
GCGS1067	4	2
GCGS1070	2	1
GCGS1071	1	0
GCGS1072	2	1
GCGS1074	2	1
GCGS1075	16	4
GCGS1084	4	2
GCGS1085	1	0
GCGS1086	4	2
GCGS1088	2	1
GCGS1089	2	1
GCGS1027	2	1
GCGS1063	2	1
GCGS1064	2	1
GCGS1068	4	2
GCGS1069	4	2
GCGS1079	2	1
GCGS0025	2	1
GCGS0029	4	2
GCGS0835	2	1
GCGS1093	0.25	-2
GCGS0762	4	2
GCGS0222	1	0
GCGS0654	2	1
GCGS0847	1	0
GCGS0851	2	1
GCGS0061	2	1
GCGS0154	16	4
GCGS0148	1	0
GCGS0820	0.5	-1
GCGS0725	4	2
GCGS0557	2	1
GCGS0344	2	1
GCGS0345	1	0
GCGS0742	1	0
GCGS0743	1	0
GCGS0744	1	0
GCGS0133	2	1
GCGS1090	4	2
GCGS1080	2	1
GCGS0817	1	0
GCGS0816	1	0
GCGS0515	32	5
GCGS0815	1	0
GCGS0517	0.5	-1
GCGS0717	2	1
GCGS0514	32	5
GCGS0818	1	0
GCGS0716	2	1
GCGS0714	4	2
GCGS0487	1	0
GCGS0805	2	1
GCGS0697	32	5
GCGS0814	2	1
GCGS0715	2	1
GCGS0513	1	0
GCGS0512	0.5	-1
GCGS0921	4	2
GCGS0964	0.5	-1
GCGS1013	1	0
GCGS1001	4	2
GCGS0971	4	2
GCGS0969	4	2
GCGS0993	2	1
GCGS0976	4	2
GCGS0952	2	1
GCGS0954	2	1
GCGS0956	4	2
GCGS0967	4	2
GCGS0873	4	2
GCGS0925	2	1
GCGS0953	2	1
GCGS0972	4	2
GCGS0893	2	1
GCGS0888	2	1
GCGS0973	2	1
GCGS0942	4	2
GCGS0977	4	2
GCGS0926	1	0
GCGS0889	4	2
GCGS0848	4	2
GCGS0706	4	2
GCGS0159	2	1
GCGS0693	2	1
GCGS0655	1	0
GCGS0448	2	1
GCGS0239	4	2
GCGS0637	2	1
GCGS0692	2	1
GCGS0486	1	0
GCGS0707	2	1
GCGS0677	2	1
GCGS0360	1	0
GCGS0699	2	1
GCGS0858	2	1
GCGS0804	2	1
GCGS0857	1	0
GCGS0602	2	1
GCGS0807	2	1
GCGS0810	2	1
GCGS0821	1	0
GCGS0853	1	0
GCGS0666	16	4
GCGS0695	1	0
GCGS0901	2	1
GCGS0832	2	1
GCGS0676	2	1
GCGS0614	2	1
GCGS0701	1	0
GCGS0750	1	0
GCGS0722	4	2
GCGS0837	4	2
GCGS0657	1	0
GCGS0822	4	2
GCGS0642	0.5	-1
GCGS0422	2	1
GCGS0455	0.5	-1
GCGS0544	1	0
GCGS0833	4	2
GCGS0659	1	0
GCGS0458	2	1
GCGS0770	4	2
GCGS1010	4	2
GCGS0780	1	0
GCGS0426	2	1
GCGS0670	1	0
GCGS0474	1	0
GCGS0660	0.5	-1
GCGS0644	2	1
GCGS0645	0.5	-1
GCGS0859	2	1
GCGS0850	1	0
GCGS0884	1	0
GCGS0661	1	0
GCGS0681	0.5	-1
GCGS0424	16	4
GCGS0436	0.5	-1
GCGS0694	1	0
GCGS0638	0.5	-1
GCGS0619	2	1
GCGS0550	1	0
GCGS0849	1	0
GCGS0371	1	0
GCGS0574	2	1
GCGS0354	1	0
GCGS0745	2	1
GCGS0671	2	1
GCGS0485	1	0
GCGS0834	1	0
GCGS0604	1	0
GCGS0523	1	0
GCGS0473	1	0
GCGS0338	1	0
GCGS0402	4	2
GCGS0561	1	0
GCGS0587	2	1
GCGS0611	2	1
GCGS0476	2	1
GCGS0733	4	2
GCGS0372	1	0
GCGS0518	1	0
GCGS0406	2	1
GCGS0563	4	2
GCGS0404	2	1
GCGS0477	1	0
GCGS0403	2	1
GCGS0672	2	1
GCGS0791	2	1
GCGS0793	2	1
GCGS0562	32	5
GCGS0564	1	0
GCGS0790	2	1
GCGS0355	2	1
GCGS0924	4	2
GCGS0838	4	2
GCGS0575	2	1
GCGS0765	2	1
GCGS0497	2	1
GCGS0792	2	1
GCGS0339	1	0
GCGS0478	2	1
GCGS0460	1	0
GCGS0759	2	1
GCGS0361	0.5	-1
GCGS0405	2	1
GCGS0438	0.25	-2
GCGS1008	2	1
GCGS0918	2	1
GCGS1009	4	2
GCGS0947	4	2
GCGS0988	2	1
GCGS0939	2	1
GCGS0987	4	2
GCGS0923	4	2
GCGS0991	2	1
GCGS0946	2	1
GCGS1000	4	2
GCGS0948	2	1
GCGS0931	0.5	-1
GCGS0890	1	0
GCGS0911	2	1
GCGS0885	2	1
GCGS0936	4	2
GCGS0891	2	1
GCGS0968	1	0
GCGS0937	4	2
GCGS0898	2	1
GCGS1016	4	2
GCGS0958	2	1
GCGS0892	2	1
GCGS0910	2	1
GCGS0897	2	1
GCGS0945	2	1
GCGS0871	4	2
GCGS1017	2	1
GCGS0895	2	1
GCGS0966	4	2
GCGS0970	2	1
GCGS0874	4	2
GCGS1005	2	1
GCGS0999	4	2
GCGS0955	2	1
GCGS0908	2	1
GCGS0635	1	0
GCGS0994	2	1
GCGS0902	2	1
GCGS0951	2	1
GCGS0975	2	1
GCGS0965	2	1
GCGS1003	2	1
GCGS0950	2	1
GCGS0949	2	1
GCGS0995	2	1
GCGS0963	2	1
GCGS0909	2	1
GCGS0913	4	2
GCGS0992	2	1
GCGS0957	2	1
GCGS1012	4	2
GCGS0854	4	2
GCGS0860	2	1
GCGS0904	2	1
GCGS0869	2	1
GCGS1014	1	0
GCGS0978	2	1
GCGS0980	4	2
GCGS1034	1	0
GCGS1048	1	0
GCGS1062	0.5	-1
GCGS0777	4	2
GCGS1038	1	0
GCGS1002	2	1
GCGS0900	2	1
GCGS0899	4	2
GCGS0886	2	1
GCGS0896	2	1
GCGS0974	2	1
GCGS0941	1	0
GCGS0928	4	2
GCGS1004	2	1
SRR5827018	0.25	-2
SRR5827019	1	0
SRR5827020	1	0
SRR5827021	0.5	-1
SRR5827022	0.5	-1
SRR5827023	0.06	-4.058893689053568
SRR5827024	0.12	-3.0588936890535687
SRR5827025	0.5	-1
SRR5827026	0.12	-3.0588936890535687
SRR5827027	1	0
SRR5827028	0.5	-1
SRR5827029	0.5	-1
SRR5827030	0.5	-1
SRR5827031	1	0
SRR5827032	1	0
SRR5827033	2	1
SRR5827034	2	1
SRR5827035	0.12	-3.0588936890535687
SRR5827036	0.06	-4.058893689053568
SRR5827037	1	0
SRR5827038	0.5	-1
SRR5827039	1	0
SRR5827040	0.25	-2
SRR5827041	1	0
SRR5827042	0.25	-2
SRR5827043	0.5	-1
SRR5827044	2	1
SRR5827045	0.12	-3.0588936890535687
SRR5827046	0.12	-3.0588936890535687
SRR5827047	32	5
SRR5827048	32	5
SRR5827049	0.12	-3.0588936890535687
SRR5827050	16	4
SRR5827051	0.12	-3.0588936890535687
SRR5827052	1	0
SRR5827053	0.5	-1
SRR5827054	1	0
SRR5827055	0.25	-2
SRR5827056	0.5	-1
SRR5827057	0.5	-1
SRR5827058	16	4
SRR5827059	0.25	-2
SRR5827060	0.03	-5.058893689053568
SRR5827061	0.12	-3.0588936890535687
SRR5827062	1	0
SRR5827063	0.12	-3.0588936890535687
SRR5827064	0.5	-1
SRR5827065	8	3
SRR5827066	0.25	-2
SRR5827067	0.12	-3.0588936890535687
SRR5827068	0.12	-3.0588936890535687
SRR5827069	2	1
SRR5827070	0.12	-3.0588936890535687
SRR5827071	1	0
SRR5827072	0.12	-3.0588936890535687
SRR5827073	0.5	-1
SRR5827074	0.5	-1
SRR5827075	0.25	-2
SRR5827076	1	0
SRR5827077	2	1
SRR5827078	16	4
SRR5827079	16	4
SRR5827080	0.5	-1
SRR5827081	0.25	-2
SRR5827082	1	0
SRR5827083	2	1
SRR5827084	0.5	-1
SRR5827085	1	0
SRR5827086	0.5	-1
SRR5827087	0.25	-2
SRR5827088	2	1
SRR5827089	0.12	-3.0588936890535687
SRR5827090	0.5	-1
SRR5827091	16	4
SRR5827092	0.5	-1
SRR5827093	2	1
SRR5827094	2	1
SRR5827095	16	4
SRR5827096	32	5
SRR5827097	16	4
SRR5827098	0.5	-1
SRR5827099	32	5
SRR5827100	0.5	-1
SRR5827101	0.5	-1
SRR5827102	16	4
SRR5827103	0.12	-3.0588936890535687
SRR5827104	1	0
SRR5827105	1	0
SRR5827106	1	0
SRR5827107	16	4
SRR5827108	0.5	-1
SRR5827109	2	1
SRR5827110	0.5	-1
SRR5827111	2	1
SRR5827112	2	1
SRR5827113	16	4
SRR5827114	0.5	-1
SRR5827115	8	3
SRR5827116	0.25	-2
SRR5827117	0.12	-3.0588936890535687
SRR5827118	0.5	-1
SRR5827119	0.12	-3.0588936890535687
SRR5827120	0.12	-3.0588936890535687
SRR5827121	0.5	-1
SRR5827122	2	1
SRR5827123	32	5
SRR5827124	2	1
SRR5827125	0.12	-3.0588936890535687
SRR5827126	0.25	-2
SRR5827127	0.5	-1
SRR5827128	0.12	-3.0588936890535687
SRR5827129	0.25	-2
SRR5827130	0.12	-3.0588936890535687
SRR5827131	0.25	-2
SRR5827132	1	0
SRR5827133	0.12	-3.0588936890535687
SRR5827134	0.12	-3.0588936890535687
SRR5827135	8	3
SRR5827136	1	0
SRR5827137	0.12	-3.0588936890535687
SRR5827138	0.12	-3.0588936890535687
SRR5827139	0.5	-1
SRR5827140	0.5	-1
SRR5827141	2	1
SRR5827142	0.5	-1
SRR5827143	0.12	-3.0588936890535687
SRR5827144	16	4
SRR5827145	0.25	-2
SRR5827146	0.5	-1
SRR5827147	1	0
SRR5827148	32	5
SRR5827149	16	4
SRR5827150	0.06	-4.058893689053568
SRR5827151	0.25	-2
SRR5827152	0.12	-3.0588936890535687
SRR5827153	0.5	-1
SRR5827154	0.12	-3.0588936890535687
SRR5827155	0.5	-1
SRR5827156	2	1
SRR5827157	0.12	-3.0588936890535687
SRR5827158	1	0
SRR5827159	0.25	-2
SRR5827160	0.25	-2
SRR5827161	1	0
SRR5827162	0.25	-2
SRR5827163	16	4
SRR5827164	0.12	-3.0588936890535687
SRR5827165	0.12	-3.0588936890535687
SRR5827166	0.12	-3.0588936890535687
SRR5827167	0.5	-1
SRR5827168	0.5	-1
SRR5827169	2	1
SRR5827170	0.5	-1
SRR5827171	0.5	-1
SRR5827172	0.5	-1
SRR5827173	0.25	-2
SRR5827174	0.25	-2
SRR5827175	0.5	-1
SRR5827176	0.5	-1
SRR5827177	0.12	-3.0588936890535687
SRR5827178	0.12	-3.0588936890535687
SRR5827179	1	0
SRR5827180	0.12	-3.0588936890535687
SRR5827181	0.12	-3.0588936890535687
SRR5827182	1	0
SRR5827183	0.12	-3.0588936890535687
SRR5827184	0.12	-3.0588936890535687
SRR5827185	0.5	-1
SRR5827186	0.25	-2
SRR5827187	0.12	-3.0588936890535687
SRR5827188	0.5	-1
SRR5827189	1	0
SRR5827190	0.12	-3.0588936890535687
SRR5827191	1	0
SRR5827192	2	1
SRR5827193	0.5	-1
SRR5827194	0.12	-3.0588936890535687
SRR5827195	16	4
SRR5827196	0.5	-1
SRR5827197	0.12	-3.0588936890535687
SRR5827198	0.5	-1
SRR5827199	0.5	-1
SRR5827200	16	4
SRR5827201	32	5
SRR5827202	1	0
SRR5827203	0.5	-1
SRR5827204	32	5
SRR5827205	2	1
SRR5827206	1	0
SRR5827207	0.25	-2
SRR5827208	0.25	-2
SRR5827209	0.5	-1
SRR5827210	0.25	-2
SRR5827211	1	0
SRR5827212	0.25	-2
SRR5827213	0.25	-2
SRR5827214	2	1
SRR5827215	0.25	-2
SRR5827216	0.5	-1
SRR5827218	32	5
SRR5827219	2	1
SRR5827220	0.5	-1
SRR5827221	32	5
SRR5827222	0.12	-3.0588936890535687
SRR5827223	2	1
SRR5827224	0.12	-3.0588936890535687
SRR5827225	1	0
SRR5827226	16	4
SRR5827227	0.5	-1
SRR5827228	0.5	-1
SRR5827229	16	4
SRR5827230	16	4
SRR5827231	0.12	-3.0588936890535687
SRR5827232	0.25	-2
SRR5827233	1	0
SRR5827234	16	4
SRR5827235	0.25	-2
SRR5827236	16	4
SRR5827237	0.25	-2
SRR5827238	0.06	-4.058893689053568
SRR5827239	32	5
SRR5827240	0.25	-2
SRR5827241	32	5
SRR5827242	0.12	-3.0588936890535687
SRR5827243	0.12	-3.0588936890535687
SRR5827244	1	0
SRR5827245	16	4
SRR5827246	16	4
SRR5827247	32	5
SRR5827248	16	4
SRR5827249	0.5	-1
SRR5827250	0.5	-1
SRR5827251	0.5	-1
SRR5827252	0.25	-2
SRR5827253	1	0
SRR5827254	1	0
SRR5827255	0.25	-2
SRR5827256	2	1
SRR5827257	0.12	-3.0588936890535687
SRR5827258	32	5
SRR5827259	0.5	-1
SRR5827260	1	0
SRR5827261	32	5
SRR5827262	0.5	-1
SRR5827263	0.5	-1
SRR5827264	0.12	-3.0588936890535687
SRR5827265	2	1
SRR5827266	0.5	-1
SRR5827267	16	4
SRR5827268	8	3
SRR5827269	1	0
SRR5827270	1	0
SRR5827271	0.25	-2
SRR5827272	16	4
SRR5827273	1	0
SRR5827274	0.5	-1
SRR5827275	0.25	-2
SRR5827276	0.5	-1
SRR5827277	1	0
SRR5827278	1	0
SRR5827279	0.25	-2
SRR5827280	0.5	-1
SRR5827281	0.5	-1
SRR5827282	0.5	-1
SRR5827283	0.5	-1
SRR5827284	2	1
SRR5827285	0.25	-2
SRR5827286	0.25	-2
SRR5827287	0.12	-3.0588936890535687
SRR5827288	0.12	-3.0588936890535687
SRR5827289	32	5
SRR5827290	0.5	-1
SRR5827291	32	5
SRR5827292	16	4
SRR5827293	0.12	-3.0588936890535687
SRR5827294	0.12	-3.0588936890535687
SRR5827295	1	0
SRR5827296	0.5	-1
SRR5827297	1	0
SRR5827298	1	0
SRR5827299	0.12	-3.0588936890535687
SRR5827300	0.12	-3.0588936890535687
SRR5827301	2	1
SRR5827302	0.5	-1
SRR5827303	0.25	-2
SRR5827304	32	5
SRR5827305	0.5	-1
SRR5827306	0.12	-3.0588936890535687
SRR5827307	16	4
SRR5827308	1	0
SRR5827309	16	4
SRR5827310	16	4
SRR5827311	0.5	-1
SRR5827312	32	5
SRR5827313	0.25	-2
SRR5827314	1	0
SRR5827315	0.5	-1
SRR5827316	32	5
SRR5827317	0.5	-1
SRR5827318	1	0
SRR5827319	16	4
SRR5827320	1	0
SRR5827321	2	1
SRR5827322	0.5	-1
SRR5827323	0.5	-1
SRR5827324	0.25	-2
SRR5827325	0.12	-3.0588936890535687
SRR5827326	0.5	-1
SRR5827327	16	4
SRR5827328	0.5	-1
SRR5827329	16	4
SRR5827330	1	0
SRR5827331	0.12	-3.0588936890535687
SRR5827332	16	4
SRR5827333	0.5	-1
SRR5827334	1	0
SRR5827335	0.5	-1
SRR5827336	1	0
SRR5827337	2	1
SRR5827338	0.5	-1
SRR5827339	0.12	-3.0588936890535687
SRR5827340	0.12	-3.0588936890535687
SRR5827341	0.06	-4.058893689053568
SRR5827342	16	4
SRR5827343	1	0
SRR5827344	0.12	-3.0588936890535687
SRR5827345	0.5	-1
SRR5827346	1	0
SRR5827347	1	0
SRR5827348	0.25	-2
SRR5827349	0.5	-1
SRR5827350	16	4
SRR5827351	32	5
SRR5827352	0.12	-3.0588936890535687
SRR5827353	0.06	-4.058893689053568
SRR5827354	0.03	-5.058893689053568
SRR5827355	0.5	-1
SRR5827356	0.5	-1
SRR5827357	0.5	-1
SRR5827358	16	4
SRR5827359	0.5	-1
SRR5827360	0.12	-3.0588936890535687
SRR5827361	1	0
SRR5827362	0.5	-1
SRR5827363	1	0
SRR5827364	1	0
SRR5827365	0.5	-1
SRR5827366	0.25	-2
SRR5827367	0.5	-1
SRR5827368	0.12	-3.0588936890535687
SRR5827369	2	1
SRR5827370	0.12	-3.0588936890535687
SRR5827371	0.25	-2
SRR5827372	1	0
SRR5827373	8	3
SRR5827374	32	5
SRR5827375	2	1
SRR5827376	0.5	-1
SRR5827377	16	4
SRR5827378	0.5	-1
SRR5827379	0.12	-3.0588936890535687
SRR5827380	16	4
SRR5827381	0.5	-1
SRR5827382	8	3
SRR5827383	32	5
SRR5827384	0.12	-3.0588936890535687
SRR5827385	1	0
SRR5827386	2	1
SRR5827387	0.12	-3.0588936890535687
SRR5827388	0.5	-1
SRR5827389	32	5
SRR5827390	0.5	-1
SRR5827391	1	0
SRR5827392	0.5	-1
SRR5827393	0.06	-4.058893689053568
SRR5827394	1	0
SRR5827395	0.12	-3.0588936890535687
SRR5827396	4	2
SRR5827397	2	1
SRR5827398	1	0
SRR5827399	0.25	-2
SRR5827400	1	0
SRR5827401	0.25	-2
SRR5827402	2	1
SRR5827403	1	0
SRR5827404	1	0
SRR5827405	0.5	-1
SRR5827406	2	1
SRR5827407	0.5	-1
SRR5827408	1	0
SRR5827409	16	4
SRR5827410	1	0
SRR5827411	0.25	-2
SRR5827412	2	1
SRR5827413	2	1
SRR5827414	1	0
SRR5827415	0.5	-1
SRR7226377	0.75	-0.4150374992788438
SRR7226378	32	5
SRR7226379	0.75	-0.4150374992788438
SRR7226381	0.5	-1
SRR7226384	0.5	-1
SRR7226385	0.25	-2
SRR7226386	2	1
SRR7226387	0.38	-1.3959286763311392
SRR7226388	0.5	-1
SRR7226389	0.5	-1
SRR7226390	1.5	0.5849625007211562
SRR7226391	1	0
SRR7226392	1	0
SRR7226393	1	0
SRR7226394	1	0
SRR7226395	1	0
SRR7226396	1	0
SRR7226397	0.38	-1.3959286763311392
SRR7226398	0.38	-1.3959286763311392
SRR7226399	1	0
SRR7226400	1	0
SRR7226401	0.38	-1.3959286763311392
SRR7226402	0.5	-1
SRR7226403	0.75	-0.4150374992788438
SRR7226404	0.5	-1
SRR7226405	2	1
SRR7226406	0.5	-1
SRR7226407	1	0
SRR7226408	0.125	-3
SRR7226409	0.75	-0.4150374992788438
SRR7226410	1	0
SRR7226411	1	0
SRR7226412	24	4.584962500721156
SRR7226413	0.25	-2
SRR7226414	0.38	-1.3959286763311392
SRR7226415	1	0
SRR7226416	0.38	-1.3959286763311392
SRR7226418	0.75	-0.4150374992788438
SRR7226419	0.5	-1
ERR349886	0.5	-1
ERR349895	24	4.584962500721156
ERR349896	1	0
ERR349897	12	3.584962500721156
ERR349900	1.5	0.5849625007211562
ERR349901	0.75	-0.4150374992788438
ERR349903	0.38	-1.3959286763311392
ERR349904	0.38	-1.3959286763311392
ERR349887	0.38	-1.3959286763311392
ERR349906	3	1.584962500721156
ERR349908	0.19	-2.395928676331139
ERR349909	0.38	-1.3959286763311392
ERR349910	0.094	-3.41119543298445
ERR349912	0.75	-0.4150374992788438
ERR349914	0.5	-1
ERR349888	0.5	-1
ERR349915	2	1
ERR349916	2	1
ERR349918	0.75	-0.4150374992788438
ERR349920	1.5	0.5849625007211562
ERR349921	0.5	-1
ERR349922	0.25	-2
ERR349923	0.38	-1.3959286763311392
ERR349924	0.38	-1.3959286763311392
ERR349889	24	4.584962500721156
ERR349925	0.19	-2.395928676331139
ERR349926	1.5	0.5849625007211562
ERR349927	0.5	-1
ERR349928	1	0
ERR349929	3	1.584962500721156
ERR349930	1.5	0.5849625007211562
ERR349932	1.5	0.5849625007211562
ERR349933	0.38	-1.3959286763311392
ERR349934	0.25	-2
ERR349890	12	3.584962500721156
ERR349935	0.25	-2
ERR349936	12	3.584962500721156
ERR349937	0.19	-2.395928676331139
ERR349939	1	0
ERR349942	0.125	-3
ERR349943	0.5	-1
ERR349891	12	3.584962500721156
ERR349945	0.125	-3
ERR349948	0.5	-1
ERR349951	2	1
ERR349952	0.125	-3
ERR349953	0.5	-1
ERR349954	0.5	-1
ERR349892	12	3.584962500721156
ERR349956	0.125	-3
ERR349957	0.75	-0.4150374992788438
ERR349959	1	0
ERR349960	0.38	-1.3959286763311392
ERR349961	16	4
ERR349962	0.75	-0.4150374992788438
ERR349963	0.5	-1
ERR349893	0.5	-1
ERR349965	0.75	-0.4150374992788438
ERR349967	0.75	-0.4150374992788438
ERR349968	0.75	-0.4150374992788438
ERR349969	1	0
ERR349970	3	1.584962500721156
ERR349971	1	0
ERR349972	3	1.584962500721156
ERR349973	3	1.584962500721156
ERR349974	1	0
ERR349894	1	0
ERR349976	1	0
ERR349977	1.5	0.5849625007211562
ERR349978	1	0
ERR349979	32	5
ERR363576	1	0
ERR363585	1	0
ERR363587	2	1
ERR363588	2	1
ERR363589	3	1.584962500721156
ERR363591	2	1
ERR363592	2	1
ERR363593	2	1
ERR363594	1.5	0.5849625007211562
ERR363577	0.5	-1
ERR363596	1	0
ERR363597	1.5	0.5849625007211562
ERR363598	1	0
ERR363599	256	8
ERR363600	0.75	-0.4150374992788438
ERR363601	0.75	-0.4150374992788438
ERR363602	1	0
ERR363603	1.5	0.5849625007211562
ERR363604	2	1
ERR363578	1	0
ERR363605	3	1.584962500721156
ERR363607	0.75	-0.4150374992788438
ERR363608	1	0
ERR363609	2	1
ERR363610	256	8
ERR363611	4	2
ERR363612	128	7
ERR363613	3	1.584962500721156
ERR363614	24	4.584962500721156
ERR363579	12	3.584962500721156
ERR363615	24	4.584962500721156
ERR363616	32	5
ERR363619	1	0
ERR363620	0.75	-0.4150374992788438
ERR363621	24	4.584962500721156
ERR363622	16	4
ERR363623	48	5.584962500721156
ERR363624	48	5.584962500721156
ERR363625	32	5
ERR363627	24	4.584962500721156
ERR363628	32	5
ERR363629	48	5.584962500721156
ERR363630	24	4.584962500721156
ERR363631	192	7.584962500721156
ERR363633	12	3.584962500721156
ERR363634	0.25	-2
ERR363581	3	1.584962500721156
ERR363635	16	4
ERR363636	24	4.584962500721156
ERR363638	1	0
ERR363639	1	0
ERR363640	2	1
ERR363641	0.75	-0.4150374992788438
ERR363642	2	1
ERR363643	1.5	0.5849625007211562
ERR363644	16	4
ERR363645	1	0
ERR363646	24	4.584962500721156
ERR363647	12	3.584962500721156
ERR363648	1	0
ERR363649	2	1
ERR363650	16	4
ERR363652	2	1
ERR363653	0.5	-1
ERR363583	0.75	-0.4150374992788438
ERR363655	1	0
ERR363656	1.5	0.5849625007211562
ERR363657	1.5	0.5849625007211562
ERR363658	3	1.584962500721156
ERR363659	3	1.584962500721156
ERR363660	48	5.584962500721156
ERR363662	32	5
ERR363664	32	5
ERR363584	3	1.584962500721156
ERR363665	1	0
ERR363666	16	4
ERR363667	24	4.584962500721156
ERR363668	3	1.584962500721156
ERR363669	3	1.584962500721156
ERR363670	3	1.584962500721156
ERR388280	3	1.584962500721156
ERR388289	2	1
ERR388290	48	5.584962500721156
ERR388291	24	4.584962500721156
ERR388294	24	4.584962500721156
ERR388295	0.75	-0.4150374992788438
ERR388296	0.75	-0.4150374992788438
ERR388297	2	1
ERR388298	0.25	-2
ERR388281	4	2
ERR388299	0.75	-0.4150374992788438
ERR388300	3	1.584962500721156
ERR388302	1	0
ERR388303	1.5	0.5849625007211562
ERR388306	0.125	-3
ERR388307	1.5	0.5849625007211562
ERR388308	0.5	-1
ERR388282	4	2
ERR388309	4	2
ERR388310	4	2
ERR388311	128	7
ERR388312	24	4.584962500721156
ERR388313	1	0
ERR388314	3	1.584962500721156
ERR388316	256	8
ERR388317	128	7
ERR388318	3	1.584962500721156
ERR388319	0.125	-3
ERR388320	0.125	-3
ERR388321	0.25	-2
ERR388322	0.25	-2
ERR388323	16	4
ERR388324	1	0
ERR388325	1	0
ERR388326	0.125	-3
ERR388327	1.5	0.5849625007211562
ERR388328	1.5	0.5849625007211562
ERR388284	0.25	-2
ERR388329	0.125	-3
ERR388330	0.75	-0.4150374992788438
ERR388331	0.75	-0.4150374992788438
ERR388332	2	1
ERR388333	32	5
ERR388334	1.5	0.5849625007211562
ERR388335	3	1.584962500721156
ERR388336	0.094	-3.41119543298445
ERR388337	16	4
ERR388338	1	0
ERR388285	2	1
ERR388339	0.125	-3
ERR388340	12	3.584962500721156
ERR388341	3	1.584962500721156
ERR388342	0.19	-2.395928676331139
ERR388343	3	1.584962500721156
ERR388345	0.19	-2.395928676331139
ERR388346	16	4
ERR388347	2	1
ERR388348	2	1
ERR388286	1	0
ERR388349	0.5	-1
ERR388350	16	4
ERR388351	1	0
ERR388352	4	2
ERR388353	0.38	-1.3959286763311392
ERR388354	0.016	-5.965784284662087
ERR388355	0.38	-1.3959286763311392
ERR388356	0.047	-4.411195432984449
ERR388357	4	2
ERR388358	6	2.584962500721156
ERR388287	4	2
ERR388359	16	4
ERR388360	3	1.584962500721156
ERR388361	48	5.584962500721156
ERR388362	0.38	-1.3959286763311392
ERR388363	32	5
ERR388364	0.38	-1.3959286763311392
ERR388366	2	1
ERR388367	0.5	-1
ERR388368	0.125	-3
ERR388288	3	1.584962500721156
ERR388369	32	5
ERR388371	0.38	-1.3959286763311392
ERR388372	0.125	-3
ERR388373	2	1
ERR388374	2	1
ERR388375	0.19	-2.395928676331139
ERR388384	1	0
ERR388385	0.25	-2
ERR388386	0.25	-2
ERR388387	2	1
ERR388388	1.5	0.5849625007211562
ERR388389	2	1
ERR388390	0.5	-1
ERR388391	64	6
ERR388392	3	1.584962500721156
ERR388393	16	4
ERR388376	0.19	-2.395928676331139
ERR388394	1.5	0.5849625007211562
ERR388395	0.75	-0.4150374992788438
ERR388396	0.75	-0.4150374992788438
ERR388397	2	1
ERR388398	24	4.584962500721156
ERR388399	4	2
ERR388400	0.19	-2.395928676331139
ERR388401	16	4
ERR388402	0.125	-3
ERR388403	0.5	-1
ERR388377	0.25	-2
ERR388404	0.016	-5.965784284662087
ERR388405	0.008	-6.965784284662087
ERR388406	0.5	-1
ERR388407	0.25	-2
ERR388408	0.75	-0.4150374992788438
ERR388409	0.5	-1
ERR388411	1.5	0.5849625007211562
ERR388412	0.125	-3
ERR388413	2	1
ERR388414	2	1
ERR388415	0.5	-1
ERR388416	2	1
ERR388417	32	5
ERR388418	2	1
ERR388419	0.5	-1
ERR388422	3	1.584962500721156
ERR388423	3	1.584962500721156
ERR388379	1.5	0.5849625007211562
ERR388424	3	1.584962500721156
ERR388425	2	1
ERR388426	2	1
ERR388427	2	1
ERR388428	2	1
ERR388429	1.5	0.5849625007211562
ERR388430	2	1
ERR388431	2	1
ERR388432	1	0
ERR388433	24	4.584962500721156
ERR388380	3	1.584962500721156
ERR388434	16	4
ERR388435	16	4
ERR388436	1.5	0.5849625007211562
ERR388437	0.5	-1
ERR388438	0.38	-1.3959286763311392
ERR388439	1.5	0.5849625007211562
ERR388440	2	1
ERR388441	0.75	-0.4150374992788438
ERR388442	1	0
ERR388443	1.5	0.5849625007211562
ERR388445	0.38	-1.3959286763311392
ERR388446	0.5	-1
ERR388447	2	1
ERR388448	32	5
ERR388449	32	5
ERR388450	24	4.584962500721156
ERR388451	256	8
ERR388452	0.5	-1
ERR388453	2	1
ERR388454	0.38	-1.3959286763311392
ERR388455	1	0
ERR449465	96	6.584962500721156
ERR449466	0.75	-0.4150374992788438
ERR449467	256	8
ERR449468	96	6.584962500721156
ERR449469	2	1
ERR449457	16	4
ERR449480	0.094	-3.41119543298445
ERR449481	128	7
ERR449482	0.125	-3
ERR449483	0.5	-1
ERR449458	1	0
ERR449484	0.5	-1
ERR449485	16	4
ERR449486	24	4.584962500721156
ERR449487	24	4.584962500721156
ERR449488	8	3
ERR449489	0.75	-0.4150374992788438
ERR449490	1.5	0.5849625007211562
ERR449491	2	1
ERR449492	24	4.584962500721156
ERR449459	0.75	-0.4150374992788438
ERR449493	24	4.584962500721156
ERR449494	0.125	-3
ERR449495	0.25	-2
ERR449496	32	5
ERR449497	0.5	-1
ERR449498	12	3.584962500721156
ERR449499	12	3.584962500721156
ERR449500	8	3
ERR449501	16	4
ERR449460	12	3.584962500721156
ERR449502	0.25	-2
ERR449503	16	4
ERR449504	12	3.584962500721156
ERR449505	8	3
ERR449506	0.38	-1.3959286763311392
ERR449507	24	4.584962500721156
ERR449508	0.5	-1
ERR449509	0.5	-1
ERR449510	24	4.584962500721156
ERR449511	16	4
ERR449461	1.5	0.5849625007211562
ERR449512	8	3
ERR449513	16	4
ERR449514	64	6
ERR449515	16	4
ERR449516	24	4.584962500721156
ERR449521	24	4.584962500721156
ERR449522	0.5	-1
ERR449523	0.5	-1
ERR449524	12	3.584962500721156
ERR449525	16	4
ERR485166	2	1
ERR485167	4	2
ERR485168	0.19	-2.395928676331139
ERR485169	1	0
ERR485170	2	1
ERR485171	0.75	-0.4150374992788438
ERR485172	3	1.584962500721156
ERR502238	16	4
ERR502239	12	3.584962500721156
ERR349898	0.25	-2
ERR349899	1	0
ERR349905	0.5	-1
ERR363586	16	4
ERR363606	32	5
ERR388420	1	0
ERR388421	4	2
ERR388381	2	1
AUNG1963	8	3
ERR3623490	24	4.584962500721156
ERR3623489	1	0
ERR3623488	0.75	-0.4150374992788438
ERR3623487	2	1
ERR3623486	3	1.584962500721156
ERR3623485	1	0
ERR3623484	1.5	0.5849625007211562
ERR3623483	1	0
ERR3623482	128	7
ERR3623481	48	5.584962500721156
ERR3623480	3	1.584962500721156
ERR3623479	96	6.584962500721156
ERR3623478	2	1
ERR3623477	0.75	-0.4150374992788438
ERR3623476	1	0
ERR3623475	128	7
ERR3623474	3	1.584962500721156
ERR3623473	0.75	-0.4150374992788438
ERR3623472	3	1.584962500721156
ERR3623471	0.75	-0.4150374992788438
ERR3623470	3	1.584962500721156
ERR3623469	2	1
ERR3623468	0.75	-0.4150374992788438
ERR3623467	2	1
ERR3623466	128	7
ERR3623465	48	5.584962500721156
ERR3623464	128	7
ERR3623463	3	1.584962500721156
ERR3623462	192	7.584962500721156
ERR3623460	1	0
ERR3623459	2	1
ERR3623458	2	1
ERR3623457	1	0
ERR3623456	3	1.584962500721156
ERR3623455	1	0
ERR3623454	1	0
ERR3623453	1	0
ERR3623452	3	1.584962500721156
ERR3623451	256	8
ERR3623450	1.5	0.5849625007211562
ERR3623449	2	1
ERR3623448	256	8
ERR3623447	2	1
ERR3623446	3	1.584962500721156
ERR3623445	4	2
ERR3623444	3	1.584962500721156
ERR3623443	128	7
ERR3623442	1.5	0.5849625007211562
ERR3623441	128	7
ERR3623440	4	2
ERR3623439	1.5	0.5849625007211562
ERR3623438	64	6
ERR3623437	192	7.584962500721156
ERR3623436	192	7.584962500721156
ERR3623435	256	8
ERR3623434	1.5	0.5849625007211562
ERR3623433	256	8
ERR3623432	1.5	0.5849625007211562
ERR3623431	2	1
ERR3623430	3	1.584962500721156
ERR3623429	256	8
ERR3623428	256	8
ERR3623426	64	6
ERR3623425	4	2
ERR3623424	24	4.584962500721156
ERR3623423	0.75	-0.4150374992788438
ERR3623422	48	5.584962500721156
ERR3623421	3	1.584962500721156
ERR3623420	1	0
ERR3623419	256	8
ERR3623418	64	6
ERR3623417	4	2
ERR3623416	3	1.584962500721156
ERR3623415	3	1.584962500721156
ERR3623414	256	8
ERR3623413	1.5	0.5849625007211562
ERR3623412	3	1.584962500721156
ERR3623411	256	8
ERR3623410	32	5
ERR3623409	256	8
ERR3623391	3	1.584962500721156
ERR3623390	64	6
ERR3623389	3	1.584962500721156
ERR3623388	2	1
ERR3623387	128	7
ERR3623386	1.5	0.5849625007211562
ERR3623385	48	5.584962500721156
ERR3623384	4	2
ERR3623383	1	0
ERR3623382	0.75	-0.4150374992788438
ERR3623381	1.5	0.5849625007211562
ERR3623380	24	4.584962500721156
ERR3623379	1	0
ERR3623378	1	0
ERR3623377	1.5	0.5849625007211562
ERR3623376	2	1
ERR3623375	0.75	-0.4150374992788438
ERR3623374	192	7.584962500721156
ERR3623373	24	4.584962500721156
ERR3623372	1.5	0.5849625007211562
ERR3623371	2	1
ERR3623370	96	6.584962500721156
ERR3623369	16	4
ERR3623368	96	6.584962500721156
ERR3623367	2	1
ERR3623366	2	1
ERR3623365	24	4.584962500721156
ERR3623364	2	1
ERR3623363	48	5.584962500721156
ERR3623362	1	0
ERR3623361	32	5
ERR3623360	96	6.584962500721156
ERR3623359	1	0
ERR3623358	2	1
ERR3623357	1	0
ERR3623356	24	4.584962500721156
ERR3623355	0.75	-0.4150374992788438
ERR3623354	1	0
ERR3623353	1.5	0.5849625007211562
ERR3623352	3	1.584962500721156
ERR3623351	256	8
ERR3623350	2	1
ERR3623237	0.75	-0.4150374992788438
ERR3623236	2	1
ERR3623235	1.5	0.5849625007211562
ERR3623234	2	1
ERR3623233	1	0
ERR3623232	0.25	-2
ERR3623231	256	8
ERR3623230	2	1
ERR3623229	16	4
ERR3623228	48	5.584962500721156
ERR3623227	24	4.584962500721156
ERR3623226	1	0
ERR3623225	16	4
ERR3623224	1.5	0.5849625007211562
ERR3623223	64	6
ERR3623222	96	6.584962500721156
ERR3623221	48	5.584962500721156
ERR3623220	0.75	-0.4150374992788438
ERR3623219	1.5	0.5849625007211562
ERR3623218	3	1.584962500721156
ERR3623217	48	5.584962500721156
ERR3623216	1.5	0.5849625007211562
ERR3623215	48	5.584962500721156
ERR3623214	3	1.584962500721156
ERR3623213	256	8
ERR3623212	1.5	0.5849625007211562
ERR3623211	2	1
ERR3623210	2	1
ERR3623209	1.5	0.5849625007211562
ERR3623208	1.5	0.5849625007211562
ERR3623206	2	1
ERR3623205	2	1
ERR3623204	96	6.584962500721156
ERR3623203	3	1.584962500721156
ERR3623202	256	8
ERR3623201	3	1.584962500721156
ERR3623200	0.25	-2
ERR3623199	2	1
ERR3623198	0.5	-1
ERR3623197	96	6.584962500721156
ERR3623196	32	5
ERR3623195	96	6.584962500721156
ERR3623194	0.5	-1
ERR3623193	1	0
ERR3623192	1.5	0.5849625007211562
ERR3623191	1.5	0.5849625007211562
ERR3623190	32	5
ERR3623189	64	6
ERR3623188	0.5	-1
ERR3623187	1	0
ERR3623186	48	5.584962500721156
ERR3623185	24	4.584962500721156
ERR3623184	24	4.584962500721156
ERR3623183	48	5.584962500721156
ERR3623182	0.5	-1
ERR3623181	2	1
ERR3623180	2	1
ERR3623179	1	0
ERR3623178	256	8
ERR3623177	1.5	0.5849625007211562
ERR3623176	1	0
ERR3623175	64	6
ERR3623174	1	0
ERR3623173	64	6
ERR3623172	1.5	0.5849625007211562
ERR3623171	64	6
ERR3623170	64	6
ERR3623169	1	0
ERR3623168	128	7
ERR3623167	192	7.584962500721156
ERR3623166	0.75	-0.4150374992788438
ERR3623165	96	6.584962500721156
ERR3623164	2	1
ERR3623163	96	6.584962500721156
ERR3623162	1.5	0.5849625007211562
ERR3623161	1.5	0.5849625007211562
ERR3623160	64	6
ERR3623159	192	7.584962500721156
ERR3623158	0.75	-0.4150374992788438
ERR3623157	3	1.584962500721156
ERR3623155	64	6
ERR3623154	96	6.584962500721156
ERR3623153	1	0
ERR3623152	256	8
ERR3623151	48	5.584962500721156
ERR3623150	128	7
ERR3623149	32	5
ERR3623147	96	6.584962500721156
ERR3623146	96	6.584962500721156
ERR3623145	16	4
ERR3623144	16	4
ERR3623143	256	8
ERR3623142	3	1.584962500721156
ERR3623139	64	6
ERR3623138	64	6
ERR3623137	96	6.584962500721156
ERR3623136	128	7
ERR3623135	2	1
ERR3623134	12	3.584962500721156
ERR3623133	96	6.584962500721156
ERR3623132	64	6
ERR3623131	16	4
ERR3623130	24	4.584962500721156
ERR3623129	24	4.584962500721156
ERR3623128	32	5
ERR3623127	0.5	-1
ERR3325797	0.5	-1
ERR3325798	0.125	-3
ERR3325799	0.25	-2
ERR3325800	0.25	-2
ERR3325801	1	0
ERR3325802	16	4
ERR3325803	0.5	-1
ERR3325804	0.25	-2
ERR3325805	0.25	-2
ERR3325806	0.5	-1
ERR3325807	32	5
ERR3325808	0.5	-1
ERR3325809	0.5	-1
ERR3325810	16	4
ERR3325811	0.5	-1
ERR3325812	0.5	-1
ERR3325813	0.5	-1
ERR3325814	0.5	-1
ERR3325815	0.5	-1
ERR3325816	0.5	-1
ERR3325817	0.5	-1
ERR3325818	32	5
ERR3325819	2	1
ERR3325820	0.5	-1
ERR3325821	0.125	-3
ERR3325822	0.25	-2
ERR3325823	16	4
ERR3325824	1	0
ERR3325825	1	0
ERR3325826	0.5	-1
ERR3325827	0.25	-2
ERR3325828	0.5	-1
ERR3325829	2	1
ERR3325830	0.25	-2
ERR3325831	16	4
ERR3325832	0.5	-1
ERR3325833	1	0
ERR3325834	1	0
ERR3325835	0.5	-1
ERR3325836	0.25	-2
ERR3325838	32	5
ERR3325839	0.25	-2
ERR3325840	0.25	-2
ERR3325841	0.125	-3
ERR3325842	0.5	-1
ERR3325843	0.25	-2
ERR3325844	0.5	-1
ERR3325845	1	0
ERR3325846	1	0
ERR3325847	1	0
ERR3325848	0.5	-1
ERR3325849	0.25	-2
ERR3325850	1	0
ERR3325851	64	6
ERR3325852	0.25	-2
ERR3325853	0.5	-1
ERR3325854	32	5
ERR3325855	1	0
ERR3325857	2	1
ERR3325858	0.25	-2
ERR3325859	0.5	-1
ERR3325860	32	5
ERR3325861	0.5	-1
ERR3325862	0.5	-1
ERR3325863	0.5	-1
ERR3325864	0.5	-1
ERR3325865	32	5
ERR3325866	32	5
ERR3325867	0.5	-1
ERR3325868	0.25	-2
ERR3325869	0.5	-1
ERR3325870	4	2
ERR3325871	0.5	-1
ERR3325872	8	3
ERR3325873	16	4
ERR3325874	0.125	-3
ERR3325875	0.125	-3
ERR3325876	1	0
ERR3325877	0.25	-2
ERR3325878	1	0
ERR3325879	0.25	-2
ERR3325880	1	0
ERR3325881	1	0
ERR3325882	0.25	-2
ERR3325883	0.5	-1
ERR3325884	1	0
ERR3325885	16	4
ERR3325886	1	0
ERR3325887	1	0
ERR3325888	1	0
ERR3325889	0.5	-1
ERR3325890	0.5	-1
ERR3325891	0.5	-1
ERR3325892	0.125	-3
ERR3325893	1	0
ERR3325894	0.5	-1
ERR3325895	0.5	-1
ERR3325896	0.5	-1
ERR3325897	1	0
ERR3325898	2	1
ERR3325899	0.25	-2
ERR3325900	0.25	-2
ERR3325901	2	1
ERR3325902	0.5	-1
ERR3325903	0.125	-3
ERR3325904	0.25	-2
ERR3325905	0.125	-3
ERR3325906	0.125	-3
ERR3325907	0.125	-3
ERR3325908	0.25	-2
ERR3325909	0.25	-2
ERR3325911	1	0
ERR3325912	0.25	-2
ERR3325913	0.25	-2
ERR3325914	0.25	-2
ERR3325915	0.25	-2
ERR3325916	1	0
ERR3325917	32	5
ERR3325918	0.25	-2
ERR3325919	1	0
ERR3325920	1	0
ERR3325921	0.5	-1
ERR3325922	32	5
ERR3325923	0.25	-2
ERR3325924	64	6
ERR3325925	1	0
ERR3325926	0.5	-1
ERR3325927	1	0
ERR3325928	1	0
ERR3325929	0.5	-1
ERR3325930	0.5	-1
ERR3325931	1	0
ERR3325932	0.5	-1
ERR3325933	64	6
ERR3325934	32	5
ERR3325935	32	5
ERR3325936	0.25	-2
ERR3325937	1	0
ERR3325938	0.25	-2
ERR3325939	1	0
ERR3325940	32	5
ERR3325941	0.5	-1
ERR3325942	0.5	-1
ERR3325943	16	4
ERR3325944	0.5	-1
ERR3325945	1	0
ERR3325946	16	4
ERR3325947	0.5	-1
ERR3325948	0.5	-1
ERR3325949	16	4
ERR3325950	0.5	-1
ERR3325951	0.25	-2
ERR3325952	16	4
ERR3325953	0.25	-2
ERR3325954	16	4
ERR3325955	0.25	-2
ERR3325956	2	1
ERR3325957	0.25	-2
ERR3325958	2	1
ERR3325959	32	5
ERR3325960	0.25	-2
ERR3325961	16	4
ERR3325962	0.5	-1
ERR3325963	1	0
ERR3325964	0.5	-1
ERR3325965	0.25	-2
ERR3325966	1	0
ERR3325967	1	0
ERR3325968	0.25	-2
ERR3325969	2	1
ERR3325970	0.5	-1
ERR3325971	0.5	-1
ERR3325972	32	5
ERR3325973	0.25	-2
ERR3325974	2	1
ERR3325975	1	0
ERR3325976	16	4
ERR3325977	0.5	-1
ERR3325978	0.25	-2
ERR3325979	0.5	-1
ERR3325980	0.5	-1
ERR3325981	0.5	-1
ERR3325982	2	1
ERR3325983	16	4
ERR3325984	0.25	-2
ERR3325985	1	0
ERR3325986	0.25	-2
ERR3325987	0.5	-1
ERR3325988	0.5	-1
ERR3325989	1	0
ERR3325990	1	0
ERR3325991	0.25	-2
ERR3325992	0.5	-1
ERR3325993	0.25	-2
ERR3325994	16	4
ERR3325995	0.25	-2
ERR3325996	0.5	-1
ERR3325997	0.25	-2
ERR3325998	0.5	-1
ERR3325999	1	0
ERR3326000	16	4
ERR3326001	0.25	-2
ERR3326002	16	4
ERR3326003	32	5
ERR3326004	0.25	-2
ERR3326005	32	5
ERR3326006	2	1
ERR3326007	8	3
ERR3326008	2	1
ERR3326009	32	5
ERR3326010	0.25	-2
ERR3326011	1	0
ERR3326012	0.25	-2
ERR3326013	32	5
ERR3326014	1	0
ERR3326015	16	4
ERR3326016	16	4
ERR3326017	1	0
ERR3326018	2	1
ERR3326019	2	1
ERR3326020	0.5	-1
ERR3326021	0.5	-1
ERR3326022	0.25	-2
ERR3326023	1	0
ERR3326024	0.25	-2
ERR3326025	0.25	-2
ERR3326026	0.25	-2
ERR3326027	1	0
ERR3326028	0.5	-1
ERR3326029	2	1
ERR3326030	0.25	-2
ERR3326031	0.25	-2
ERR3326032	128	7
ERR3326033	2	1
ERR3326034	32	5
ERR3326035	0.5	-1
ERR3326036	32	5
ERR3326037	0.5	-1
ERR3326038	0.25	-2
ERR3326039	1	0
ERR3326040	0.25	-2
ERR3326041	2	1
ERR3326042	2	1
ERR3326043	0.5	-1
ERR3326044	32	5
ERR3326045	1	0
ERR3326046	1	0
ERR3326047	1	0
ERR3326048	1	0
ERR3326049	1	0
ERR3326050	1	0
ERR3326051	1	0
ERR3326052	0.5	-1
ERR3326053	4	2
ERR3326054	32	5
ERR3326055	4	2
ERR3326056	16	4
ERR3326057	0.5	-1
ERR3326058	0.25	-2
ERR3326059	64	6
ERR3326060	1	0
ERR3326061	0.25	-2
ERR3326062	0.5	-1
ERR3326063	0.5	-1
ERR3326064	0.5	-1
ERR3326065	1	0
ERR3326066	0.5	-1
ERR3326067	0.5	-1
ERR3326068	8	3
ERR3326069	8	3
ERR3326070	0.25	-2
ERR3326071	16	4
ERR3326072	0.25	-2
ERR3326073	0.25	-2
ERR3326074	16	4
ERR3326075	0.5	-1
ERR3326076	1	0
ERR3326077	0.5	-1
ERR3326078	2	1
ERR3326079	0.25	-2
ERR3326080	0.5	-1
ERR3326081	16	4
ERR3326082	0.5	-1
ERR3326083	0.5	-1
ERR3326084	32	5
ERR3326085	0.25	-2
ERR3326086	32	5
ERR3326087	32	5
ERR3326089	0.5	-1
ERR3326090	0.5	-1
ERR3326091	1	0
ERR3326092	1	0
ERR3326093	1	0
ERR3326094	0.25	-2
ERR3326095	0.25	-2
ERR3326096	32	5
ERR3326097	1	0
ERR3326098	0.25	-2
ERR3326099	0.25	-2
ERR3326100	0.5	-1
ERR3326101	2	1
ERR3326102	1	0
ERR3326103	2	1
ERR3326104	2	1
ERR3326105	1	0
ERR3326106	2	1
ERR3326107	1	0
ERR3326108	32	5
ERR3326109	0.5	-1
ERR3326110	0.5	-1
ERR3326111	1	0
ERR3326112	2	1
ERR3326113	0.5	-1
ERR3326114	2	1
ERR3326115	0.5	-1
ERR3326116	32	5
ERR3326117	16	4
ERR3326118	0.5	-1
ERR3326119	0.25	-2
ERR3326120	1	0
ERR3326121	2	1
ERR3326122	32	5
ERR3326123	32	5
ERR3326124	0.5	-1
ERR3326125	2	1
ERR3326126	1	0
ERR3326127	1	0
ERR3326128	0.25	-2
ERR3326129	0.5	-1
ERR3326130	0.25	-2
ERR3326131	0.5	-1
ERR3326132	0.5	-1
ERR3326133	0.125	-3
ERR3326134	1	0
ERR3326135	1	0
ERR3326136	0.5	-1
ERR3326137	0.25	-2
ERR3326138	2	1
ERR3326139	2	1
ERR3326140	16	4
ERR3326141	1	0
ERR3326142	1	0
ERR3326143	2	1
ERR3326144	1	0
ERR3325188	0.5	-1
ERR3325191	1	0
ERR3325192	32	5
ERR3325193	0.5	-1
ERR3325195	0.5	-1
ERR3325196	0.5	-1
ERR3325198	8	3
ERR3325200	0.5	-1
ERR3325202	0.5	-1
ERR3325203	0.5	-1
ERR3325205	2	1
ERR3325206	32	5
ERR3325209	2	1
ERR3325214	16	4
ERR3325222	0.5	-1
ERR3325223	0.5	-1
ERR3325224	1	0
ERR3325245	0.5	-1
ERR3325248	16	4
ERR3325252	2	1
ERR3325253	2	1
ERR3325255	1	0
ERR3325258	2	1
ERR3325260	0.5	-1
ERR3325261	32	5
ERR3325272	2	1
ERR3325273	32	5
ERR3325274	32	5
ERR3325275	4	2
ERR3325276	0.5	-1
ERR3325280	32	5
ERR3325282	32	5
ERR3325284	0.5	-1
ERR3325285	32	5
ERR3325290	1	0
ERR3325291	4	2
ERR3325294	64	6
ERR3325297	0.25	-2
ERR3325299	0.5	-1
ERR3325300	32	5
ERR3325301	8	3
ERR3325302	1	0
ERR3325304	1	0
ERR3325310	1	0
ERR3325311	0.5	-1
ERR3325313	0.25	-2
ERR3325315	0.5	-1
ERR3325316	1	0
ERR3325319	1	0
ERR3325324	1	0
ERR3325333	0.5	-1
ERR3325334	1	0
ERR3325336	0.5	-1
ERR3325337	0.5	-1
ERR3325339	0.5	-1
ERR3325340	2	1
ERR3325343	0.5	-1
ERR3325345	1	0
ERR3325352	0.25	-2
ERR3325355	1	0
ERR3325358	128	7
ERR3325361	0.25	-2
ERR3325365	1	0
ERR3325366	2	1
ERR3325368	0.25	-2
ERR3325370	2	1
ERR3325372	8	3
ERR3325373	0.25	-2
ERR3325375	0.5	-1
ERR3325379	0.25	-2
ERR3325381	1	0
ERR3325382	0.25	-2
ERR3325385	16	4
ERR3325388	0.5	-1
ERR3325392	0.5	-1
ERR3325393	16	4
ERR3325396	0.5	-1
ERR3325397	0.5	-1
ERR3325398	16	4
ERR3325399	0.5	-1
ERR3325400	1	0
ERR3325402	256	8
ERR3325405	0.5	-1
ERR3325408	0.5	-1
ERR3325410	2	1
ERR3325411	1	0
ERR3325412	2	1
ERR3325414	4	2
ERR3325415	32	5
ERR3325417	1	0
ERR3325420	32	5
ERR3325421	0.125	-3
ERR3325423	0.5	-1
ERR3325425	16	4
ERR3325426	0.5	-1
ERR3325427	0.25	-2
ERR3325428	0.5	-1
ERR3325429	0.5	-1
ERR3325430	0.5	-1
ERR3325431	0.25	-2
ERR3325432	32	5
ERR3325434	0.5	-1
ERR3325438	0.125	-3
ERR3325441	2	1
ERR3325442	16	4
ERR3325443	1	0
ERR3325444	1	0
ERR3325445	1	0
ERR3325449	0.5	-1
ERR3325451	0.5	-1
ERR3325452	0.5	-1
ERR3325455	1	0
ERR3325457	0.5	-1
ERR3325460	16	4
ERR3325461	2	1
ERR3325462	32	5
ERR3325465	2	1
ERR3325467	0.25	-2
ERR3325468	1	0
ERR3325470	1	0
ERR3325471	2	1
ERR3325472	0.5	-1
ERR3325473	1	0
ERR3325474	1	0
ERR3325476	1	0
ERR3325477	1	0
ERR3325478	0.5	-1
ERR3325486	1	0
ERR3325487	0.25	-2
ERR3325490	0.5	-1
ERR3325493	1	0
ERR3325495	0.125	-3
ERR3325496	0.125	-3
ERR3325498	1	0
ERR3325499	2	1
ERR3325503	1	0
ERR3325504	0.5	-1
ERR3325507	0.064	-3.965784284662087
ERR3325508	0.25	-2
ERR3325509	32	5
ERR3325510	0.125	-3
ERR3325515	16	4
ERR3325516	2	1
ERR3325517	0.25	-2
ERR3325522	0.5	-1
ERR3325523	0.5	-1
ERR3325526	4	2
ERR3325527	2	1
ERR3325528	1	0
ERR3325532	32	5
ERR3325533	0.25	-2
ERR3325537	1	0
ERR3325538	0.25	-2
ERR3325539	0.25	-2
ERR3325540	0.5	-1
ERR3325541	0.25	-2
ERR3325546	64	6
ERR3325551	2	1
ERR3325553	0.5	-1
ERR3325556	32	5
ERR3325558	1	0
ERR3325566	32	5
ERR3325570	1	0
ERR3325572	16	4
ERR3325573	32	5
ERR3325574	0.25	-2
ERR3325576	0.5	-1
ERR3325577	32	5
ERR3325578	0.25	-2
ERR3325580	0.25	-2
ERR3325582	1	0
ERR3325583	32	5
ERR3325587	0.125	-3
ERR3325588	0.5	-1
ERR3325589	16	4
ERR3325590	1	0
ERR3325591	0.5	-1
ERR3325593	0.5	-1
ERR3325596	0.25	-2
ERR3325597	0.5	-1
ERR3325598	0.25	-2
ERR3325599	0.5	-1
ERR3325600	1	0
ERR3325601	0.125	-3
ERR3325602	16	4
ERR3325603	32	5
ERR3325610	32	5
ERR3325611	0.125	-3
ERR3325612	0.5	-1
ERR3325613	2	1
ERR3325614	0.5	-1
ERR3325621	2	1
ERR3325622	64	6
ERR3325623	0.5	-1
ERR3325628	0.125	-3
ERR3325629	2	1
ERR3325631	1	0
ERR3325632	0.5	-1
ERR3325634	2	1
ERR3325635	1	0
ERR3325636	0.5	-1
ERR3325637	0.25	-2
ERR3325641	0.5	-1
ERR3325642	0.25	-2
ERR3325644	0.25	-2
ERR3325646	1	0
ERR3325647	0.25	-2
ERR3325649	0.5	-1
ERR3325650	2	1
ERR3325656	0.5	-1
ERR3325657	32	5
ERR3325658	0.5	-1
ERR3325659	1	0
ERR3325662	32	5
ERR3325663	64	6
ERR3325668	0.5	-1
ERR3325669	0.5	-1
ERR3325671	0.5	-1
ERR3325672	0.25	-2
ERR3325673	1	0
ERR3325674	1	0
ERR3325676	64	6
ERR3325681	0.5	-1
ERR3325682	0.125	-3
ERR3325683	0.25	-2
ERR3325687	0.25	-2
ERR3325689	1	0
ERR3325694	2	1
ERR3325697	0.5	-1
ERR3325699	16	4
ERR3325700	0.5	-1
ERR3325701	0.5	-1
ERR3325704	32	5
ERR3325706	1	0
ERR3325707	0.25	-2
ERR3325708	0.5	-1
ERR3325709	1	0
ERR3325710	1	0
ERR3325714	0.5	-1
ERR3325715	16	4
ERR3325716	0.5	-1
ERR3325717	32	5
ERR3325718	16	4
ERR3325719	64	6
ERR3325720	32	5
ERR3325721	32	5
ERR3325722	0.5	-1
ERR3325724	1	0
ERR3325728	2	1
ERR3325729	0.25	-2
ERR3325730	0.5	-1
ERR3325733	2	1
ERR3325734	1	0
ERR3325735	0.25	-2
ERR3325739	16	4
ERR3325742	0.5	-1
ERR3325744	2	1
ERR3325745	0.25	-2
ERR3325747	1	0
ERR3325749	1	0
ERR3325750	16	4
ERR3325751	32	5
ERR3325752	1	0
ERR3325757	2	1
ERR3325758	0.25	-2
ERR3325760	0.5	-1
ERR3325761	64	6
ERR3325762	1	0
ERR3325763	32	5
ERR3325764	1	0
ERR3325768	16	4
ERR3325772	0.25	-2
ERR3325776	0.5	-1
ERR3325777	0.25	-2
ERR3325778	0.5	-1
ERR3325779	0.5	-1
ERR3325780	0.5	-1
ERR3325781	0.125	-3
ERR3325782	0.5	-1
ERR3325785	1	0
ERR3325786	1	0
ERR3325787	0.125	-3
ERR3325788	0.5	-1
ERR3325789	2	1
ERR3325790	16	4
ERR3325791	1	0
ERR3325792	0.5	-1
ERR3325794	0.5	-1
ERR3325189	2	1
ERR3325190	0.5	-1
ERR3325194	0.5	-1
ERR3325199	16	4
ERR3325201	0.5	-1
ERR3325204	0.5	-1
ERR3325207	0.5	-1
ERR3325208	16	4
ERR3325211	16	4
ERR3325212	0.5	-1
ERR3325213	0.25	-2
ERR3325215	0.25	-2
ERR3325216	1	0
ERR3325217	8	3
ERR3325218	8	3
ERR3325219	16	4
ERR3325221	64	6
ERR3325226	2	1
ERR3325227	0.25	-2
ERR3325228	64	6
ERR3325229	0.25	-2
ERR3325230	0.5	-1
ERR3325231	0.25	-2
ERR3325232	32	5
ERR3325233	0.5	-1
ERR3325234	16	4
ERR3325235	32	5
ERR3325236	0.5	-1
ERR3325237	0.5	-1
ERR3325238	2	1
ERR3325239	0.5	-1
ERR3325240	0.25	-2
ERR3325241	16	4
ERR3325244	0.125	-3
ERR3325246	0.25	-2
ERR3325247	32	5
ERR3325249	0.5	-1
ERR3325250	16	4
ERR3325251	32	5
ERR3325256	2	1
ERR3325259	32	5
ERR3325262	32	5
ERR3325264	0.5	-1
ERR3325265	4	2
ERR3325266	16	4
ERR3325267	32	5
ERR3325268	0.5	-1
ERR3325270	0.5	-1
ERR3325271	0.5	-1
ERR3325277	1	0
ERR3325278	0.5	-1
ERR3325279	2	1
ERR3325281	64	6
ERR3325286	32	5
ERR3325287	32	5
ERR3325288	8	3
ERR3325289	2	1
ERR3325292	0.5	-1
ERR3325293	32	5
ERR3325295	32	5
ERR3325296	0.25	-2
ERR3325298	0.125	-3
ERR3325303	4	2
ERR3325305	32	5
ERR3325306	1	0
ERR3325307	0.25	-2
ERR3325314	0.5	-1
ERR3325317	16	4
ERR3325318	0.5	-1
ERR3325320	2	1
ERR3325321	32	5
ERR3325322	32	5
ERR3325323	2	1
ERR3325325	2	1
ERR3325326	2	1
ERR3325327	64	6
ERR3325328	2	1
ERR3325329	8	3
ERR3325330	2	1
ERR3325331	0.25	-2
ERR3325332	0.25	-2
ERR3325335	8	3
ERR3325338	16	4
ERR3325341	0.125	-3
ERR3325342	0.5	-1
ERR3325344	0.5	-1
ERR3325346	2	1
ERR3325347	8	3
ERR3325348	16	4
ERR3325349	1	0
ERR3325350	0.5	-1
ERR3325351	0.25	-2
ERR3325353	0.5	-1
ERR3325354	16	4
ERR3325356	32	5
ERR3325357	0.5	-1
ERR3325359	1	0
ERR3325360	16	4
ERR3325362	0.5	-1
ERR3325363	2	1
ERR3325364	256	8
ERR3325367	16	4
ERR3325369	16	4
ERR3325371	2	1
ERR3325374	0.5	-1
ERR3325376	8	3
ERR3325377	1	0
ERR3325378	2	1
ERR3325380	2	1
ERR3325383	0.5	-1
ERR3325384	256	8
ERR3325386	1	0
ERR3325387	0.5	-1
ERR3325389	16	4
ERR3325390	16	4
ERR3325391	1	0
ERR3325394	8	3
ERR3325395	0.5	-1
ERR3325401	4	2
ERR3325403	64	6
ERR3325404	0.5	-1
ERR3325406	0.5	-1
ERR3325407	0.25	-2
ERR3325409	0.5	-1
ERR3325413	16	4
ERR3325416	0.25	-2
ERR3325418	0.25	-2
ERR3325419	4	2
ERR3325422	16	4
ERR3325424	32	5
ERR3325433	16	4
ERR3325435	2	1
ERR3325436	32	5
ERR3325437	0.5	-1
ERR3325439	2	1
ERR3325440	2	1
ERR3325446	2	1
ERR3325447	1	0
ERR3325448	1	0
ERR3325450	0.5	-1
ERR3325453	0.25	-2
ERR3325454	0.5	-1
ERR3325458	0.5	-1
ERR3325459	0.064	-3.965784284662087
ERR3325463	0.25	-2
ERR3325464	2	1
ERR3325466	1	0
ERR3325469	0.25	-2
ERR3325475	1	0
ERR3325479	2	1
ERR3325480	0.25	-2
ERR3325481	1	0
ERR3325482	2	1
ERR3325483	1	0
ERR3325484	4	2
ERR3325485	0.5	-1
ERR3325488	32	5
ERR3325489	1	0
ERR3325491	1	0
ERR3325492	0.5	-1
ERR3325494	1	0
ERR3325497	32	5
ERR3325500	1	0
ERR3325501	2	1
ERR3325502	0.5	-1
ERR3325505	0.5	-1
ERR3325506	0.5	-1
ERR3325511	0.5	-1
ERR3325512	0.5	-1
ERR3325518	0.5	-1
ERR3325519	1	0
ERR3325520	1	0
ERR3325521	1	0
ERR3325524	0.5	-1
ERR3325525	0.25	-2
ERR3325531	0.5	-1
ERR3325534	2	1
ERR3325535	16	4
ERR3325536	32	5
ERR3325542	0.25	-2
ERR3325543	0.5	-1
ERR3325544	1	0
ERR3325545	1	0
ERR3325548	1	0
ERR3325552	1	0
ERR3325554	0.5	-1
ERR3325557	0.5	-1
ERR3325559	0.25	-2
ERR3325560	1	0
ERR3325561	1	0
ERR3325562	0.25	-2
ERR3325563	1	0
ERR3325564	0.25	-2
ERR3325565	32	5
ERR3325567	1	0
ERR3325568	32	5
ERR3325569	32	5
ERR3325571	0.5	-1
ERR3325575	2	1
ERR3325579	1	0
ERR3325581	1	0
ERR3325584	0.5	-1
ERR3325585	0.25	-2
ERR3325586	0.5	-1
ERR3325592	2	1
ERR3325594	32	5
ERR3325595	1	0
ERR3325604	0.25	-2
ERR3325605	1	0
ERR3325607	1	0
ERR3325608	0.5	-1
ERR3325609	0.25	-2
ERR3325615	0.5	-1
ERR3325616	0.5	-1
ERR3325617	0.5	-1
ERR3325618	16	4
ERR3325619	0.25	-2
ERR3325620	0.5	-1
ERR3325624	0.5	-1
ERR3325625	0.25	-2
ERR3325626	0.25	-2
ERR3325627	0.5	-1
ERR3325630	64	6
ERR3325633	0.5	-1
ERR3325639	0.25	-2
ERR3325640	32	5
ERR3325643	64	6
ERR3325645	0.25	-2
ERR3325648	32	5
ERR3325651	0.25	-2
ERR3325652	0.25	-2
ERR3325653	0.25	-2
ERR3325654	32	5
ERR3325655	1	0
ERR3325660	1	0
ERR3325661	1	0
ERR3325664	1	0
ERR3325665	0.25	-2
ERR3325666	1	0
ERR3325667	1	0
ERR3325670	0.5	-1
ERR3325675	0.25	-2
ERR3325677	0.25	-2
ERR3325678	1	0
ERR3325679	1	0
ERR3325680	1	0
ERR3325684	1	0
ERR3325685	0.5	-1
ERR3325686	0.125	-3
ERR3325688	2	1
ERR3325690	32	5
ERR3325692	32	5
ERR3325693	0.5	-1
ERR3325695	0.125	-3
ERR3325696	0.5	-1
ERR3325698	0.5	-1
ERR3325702	0.25	-2
ERR3325703	2	1
ERR3325705	32	5
ERR3325711	0.25	-2
ERR3325712	0.25	-2
ERR3325713	0.5	-1
ERR3325723	0.25	-2
ERR3325725	0.25	-2
ERR3325726	0.5	-1
ERR3325727	0.25	-2
ERR3325731	1	0
ERR3325732	8	3
ERR3325736	0.5	-1
ERR3325737	16	4
ERR3325738	8	3
ERR3325740	32	5
ERR3325741	2	1
ERR3325743	0.5	-1
ERR3325746	32	5
ERR3325748	2	1
ERR3325754	16	4
ERR3325756	16	4
ERR3325759	1	0
ERR3325765	1	0
ERR3325767	0.5	-1
ERR3325769	0.25	-2
ERR3325770	64	6
ERR3325771	0.5	-1
ERR3325773	0.5	-1
ERR3325774	2	1
ERR3325775	32	5
ERR3325783	0.5	-1
ERR3325784	1	0
ERR3325793	1	0
ERR3325795	0.125	-3
ERR3325796	1	0
